Comment[mztab:summary:sml_id]	database_identifier	chemical_formula	smiles	inchi	metabolite_identification	mass_to_charge	fragmentation	modifications	charge	retention_time	taxid	species	database	database_version	reliability	uri	search_engine	search_engine_score	smallmolecule_abundance_sub	smallmolecule_abundance_stdev_sub	smallmolecule_abundance_std_error_sub	20230406_blank_NEG_1	20230406_feces_1_NEG	20230406_feces_2_NEG	20230406_feces_3_NEG	20230407_plasma_1_NEG	20230407_plasma_2_NEG	20230407_plasma_3_NEG
										112.98509			Msp20250929174203_NCDK_conventional_converted_dev	Msp20250929174203_NCDK_conventional_converted_dev								532.0	486.0	512.0	821.0	776.0	780.0	1438.0
1										114.93603			Msp20250929174203_NCDK_conventional_converted_dev	Msp20250929174203_NCDK_conventional_converted_dev								418.0	399.0	445.0	102.0	1846.0	2124.0	209.0
2	Msp20250929174203_NCDK_conventional_converted_dev:RIKEN N-VS1 ID-103 from Cell_C2C12_WT_N_24hCtr				no MS2: RIKEN N-VS1 ID-103 from Cell_C2C12_WT_N_24hCtr					158.97479			Msp20250929174203_NCDK_conventional_converted_dev	Msp20250929174203_NCDK_conventional_converted_dev	-0.1285715							1508.0	1421.0	1567.0	1374.0	443.0	448.0	436.0
3	Msp20250929174203_NCDK_conventional_converted_dev:RIKEN N-VS1 ID-97 from Mouse_Muscle_WT_CTX0_Ctr				RIKEN N-VS1 ID-97 from Mouse_Muscle_WT_CTX0_Ctr					158.97481			Msp20250929174203_NCDK_conventional_converted_dev	Msp20250929174203_NCDK_conventional_converted_dev	1.714714							1748.0	1171.0	1008.0	1008.0	691.0	670.0	634.0
4	Msp20250929174203_NCDK_conventional_converted_dev:RIKEN N-VS1 ID-97 from Mouse_Muscle_WT_CTX0_Ctr				RIKEN N-VS1 ID-97 from Mouse_Muscle_WT_CTX0_Ctr					158.97497			Msp20250929174203_NCDK_conventional_converted_dev	Msp20250929174203_NCDK_conventional_converted_dev	1.725297							2413.0	1854.0	1939.0	1809.0	1382.0	1210.0	1164.0
5	Msp20250929174203_NCDK_conventional_converted_dev:RIKEN N-VS1 ID-97 from Mouse_Muscle_WT_CTX0_Ctr				RIKEN N-VS1 ID-97 from Mouse_Muscle_WT_CTX0_Ctr					158.97511			Msp20250929174203_NCDK_conventional_converted_dev	Msp20250929174203_NCDK_conventional_converted_dev	1.711898							2162.0	1845.0	1569.0	1434.0	1118.0	883.0	858.0
6	Msp20250929174203_NCDK_conventional_converted_dev:RIKEN N-VS1 ID-104 from Mouse_Macrophage_WT_N_F1				no MS2: RIKEN N-VS1 ID-104 from Mouse_Macrophage_WT_N_F1					158.97513			Msp20250929174203_NCDK_conventional_converted_dev	Msp20250929174203_NCDK_conventional_converted_dev	-0.1285738							2249.0	1753.0	1632.0	1597.0	988.0	916.0	942.0
7	Msp20250929174203_NCDK_conventional_converted_dev:FA 14:0	C14H28O2	O=C(O)CCCCCCCCCCCCC		FA 14:0	228.2089				227.2012			Msp20250929174203_NCDK_conventional_converted_dev	Msp20250929174203_NCDK_conventional_converted_dev	2.509758							2071.0	8682.0	8493.0	8869.0	4329.0	4334.0	4443.0
8	Msp20250929174203_NCDK_conventional_converted_dev:FA 15:0	C15H30O2	O=C(O)CCCCCCCCCCCCCC		FA 15:0	242.2246				241.21715			Msp20250929174203_NCDK_conventional_converted_dev	Msp20250929174203_NCDK_conventional_converted_dev	2.478498							1854.0	22810.0	21810.0	23093.0	685.0	732.0	841.0
9										248.97258			Msp20250929174203_NCDK_conventional_converted_dev	Msp20250929174203_NCDK_conventional_converted_dev								1541.0	1675.0	1634.0	1559.0	5097.0	5061.0	5117.0
10	Msp20250929174203_NCDK_conventional_converted_dev:FA 16:1	C16H30O2	O=C(O)CCCCCCCC=CCCCCCC		FA 16:1	254.2246				253.21708			Msp20250929174203_NCDK_conventional_converted_dev	Msp20250929174203_NCDK_conventional_converted_dev	2.499186							5368.0	13005.0	12572.0	16674.0	9015.0	8904.0	8731.0
11	Msp20250929174203_NCDK_conventional_converted_dev:FA 16:0	C16H32O2	O=C(O)CCCCCCCCCCCCCCC		FA 16:0	256.2402				255.23285			Msp20250929174203_NCDK_conventional_converted_dev	Msp20250929174203_NCDK_conventional_converted_dev	2.483709							32672.0	207474.0	196315.0	219816.0	82589.0	81602.0	88157.0
12	Msp20250929174203_NCDK_conventional_converted_dev:FA 17:1	C17H32O2	O=C(O)CCCCCCCC=CCCCCCCC		FA 17:1	268.2402				267.23234			Msp20250929174203_NCDK_conventional_converted_dev	Msp20250929174203_NCDK_conventional_converted_dev	2.521421							894.0	2335.0	2311.0	2995.0	621.0	586.0	553.0
13	Msp20250929174203_NCDK_conventional_converted_dev:FA 17:0	C17H34O2	O=C(O)CCCCCCCCCCCCCCCC		FA 17:0	270.2559				269.24807			Msp20250929174203_NCDK_conventional_converted_dev	Msp20250929174203_NCDK_conventional_converted_dev	2.507375							1104.0	6475.0	6391.0	7117.0	942.0	915.0	960.0
14	Msp20250929174203_NCDK_conventional_converted_dev:FA 16:0(2OH)	C16H32O3	O=C(O)C(O)CCCCCCCCCCCCCC		FA 16:0(2OH)	272.2351				271.22694			Msp20250929174203_NCDK_conventional_converted_dev	Msp20250929174203_NCDK_conventional_converted_dev	2.51497							63.0	1570.0	1596.0	1484.0	123.0	144.0	124.0
15	Msp20250929174203_NCDK_conventional_converted_dev:FA 18:3	C18H30O2	O=C(O)CCCCCCCC=CCC=CCC=CCC		FA 18:3	278.2246				277.21708			Msp20250929174203_NCDK_conventional_converted_dev	Msp20250929174203_NCDK_conventional_converted_dev	2.481589							71.0	17986.0	17464.0	18683.0	2365.0	2340.0	2259.0
16	Msp20250929174203_NCDK_conventional_converted_dev:FA 18:2	C18H32O2	O=C(O)CCCCCCCC=CCC=CCCCCC		FA 18:2	280.2402				279.2324			Msp20250929174203_NCDK_conventional_converted_dev	Msp20250929174203_NCDK_conventional_converted_dev	2.543648							745.0	299377.0	303231.0	302466.0	37183.0	37670.0	34160.0
17	Msp20250929174203_NCDK_conventional_converted_dev:FA 18:1	C18H34O2	O=C(O)CCCCCCCC=CCCCCCCCC		FA 18:1	282.2559				281.24852			Msp20250929174203_NCDK_conventional_converted_dev	Msp20250929174203_NCDK_conventional_converted_dev	2.494255							7036.0	204512.0	201176.0	205146.0	79563.0	83176.0	77940.0
18										283.24242			Msp20250929174203_NCDK_conventional_converted_dev	Msp20250929174203_NCDK_conventional_converted_dev								1.0	1540.0	1366.0	1240.0	112.0	125.0	98.0
19	Msp20250929174203_NCDK_conventional_converted_dev:FA 18:0	C18H36O2	O=C(O)CCCCCCCCCCCCCCCCC		FA 18:0	284.2715				283.26408			Msp20250929174203_NCDK_conventional_converted_dev	Msp20250929174203_NCDK_conventional_converted_dev	2.469169							35468.0	141149.0	138621.0	159144.0	61413.0	64102.0	83676.0
20										285.22188			Msp20250929174203_NCDK_conventional_converted_dev	Msp20250929174203_NCDK_conventional_converted_dev								1180.0	1243.0	1121.0	2352.0	109.0	99.0	140.0
21	Msp20250929174203_NCDK_conventional_converted_dev:FA 18:2;O	C18H32O3	O=C(O)CCCCCCC(O)C=CCC=CCCCCC		FA 18:2;O	296.2351				295.22745			Msp20250929174203_NCDK_conventional_converted_dev	Msp20250929174203_NCDK_conventional_converted_dev	2.40203							106.0	1289.0	1226.0	1341.0	35.0	39.0	37.0
22	Msp20250929174203_NCDK_conventional_converted_dev:FA 18:1;O	C18H34O3	O=C(O)CCCCCCC(O)C=CCCCCCCCC		FA 18:1;O	298.2508				297.243			Msp20250929174203_NCDK_conventional_converted_dev	Msp20250929174203_NCDK_conventional_converted_dev	2.447027							42.0	11183.0	10864.0	11008.0	55.0	48.0	57.0
23	Msp20250929174203_NCDK_conventional_converted_dev:FA 18:1;O	C18H34O3	O=C(O)CCCCCCC(O)C=CCCCCCCCC		FA 18:1;O	298.2508				297.24317			Msp20250929174203_NCDK_conventional_converted_dev	Msp20250929174203_NCDK_conventional_converted_dev	2.460001							146.0	6439.0	6526.0	6670.0	118.0	149.0	142.0
24	Msp20250929174203_NCDK_conventional_converted_dev:FA 19:0	C19H38O2	O=C(O)CCCCCCCCCCCCCCCCCC		FA 19:0	298.2872				297.27906			Msp20250929174203_NCDK_conventional_converted_dev	Msp20250929174203_NCDK_conventional_converted_dev	2.505399							130.0	2451.0	2224.0	2503.0	108.0	97.0	148.0
25	Msp20250929174203_NCDK_conventional_converted_dev:FA 18:0;O	C18H36O3	O=C(O)CCCCCCCC(O)CCCCCCCCC		FA 18:0;O	300.2664				299.25839			Msp20250929174203_NCDK_conventional_converted_dev	Msp20250929174203_NCDK_conventional_converted_dev	2.416393							236.0	12570.0	12614.0	12298.0	143.0	140.0	144.0
26	Msp20250929174203_NCDK_conventional_converted_dev:FA 20:5	C20H30O2	O=C(O)CCCC=CCC=CCC=CCC=CCC=CCC		FA 20:5	302.2246				301.21658			Msp20250929174203_NCDK_conventional_converted_dev	Msp20250929174203_NCDK_conventional_converted_dev	2.282757							23.0	8484.0	8155.0	7913.0	187.0	159.0	173.0
27	Msp20250929174203_NCDK_conventional_converted_dev:FA 20:4	C20H32O2	O=C(O)CCCCCCC=CCC=CCC=CCC=CCC		FA 20:4	304.2402				303.23244			Msp20250929174203_NCDK_conventional_converted_dev	Msp20250929174203_NCDK_conventional_converted_dev	2.422621							19.0	9633.0	9567.0	9128.0	2595.0	2644.0	2338.0
28	Msp20250929174203_NCDK_conventional_converted_dev:FA 20:3	C20H34O2	O=C(O)CCCCCCCCCC=CCC=CCC=CCC		FA 20:3	306.2559				305.24735			Msp20250929174203_NCDK_conventional_converted_dev	Msp20250929174203_NCDK_conventional_converted_dev	2.501863							61.0	6261.0	5989.0	5741.0	782.0	730.0	654.0
29	Msp20250929174203_NCDK_conventional_converted_dev:FA 20:2	C20H36O2	O=C(O)CCCCCCCCCC=CCC=CCCCCC		FA 20:2	308.2715				307.26329			Msp20250929174203_NCDK_conventional_converted_dev	Msp20250929174203_NCDK_conventional_converted_dev	2.495054							126.0	5724.0	5311.0	5570.0	527.0	512.0	464.0
30										308.26615			Msp20250929174203_NCDK_conventional_converted_dev	Msp20250929174203_NCDK_conventional_converted_dev								37.0	1101.0	1107.0	1080.0	121.0	135.0	120.0
31	Msp20250929174203_NCDK_conventional_converted_dev:FA 20:1	C20H38O2	O=C(O)CCCCCCCCCC=CCCCCCCCC		FA 20:1	310.2872				309.2791			Msp20250929174203_NCDK_conventional_converted_dev	Msp20250929174203_NCDK_conventional_converted_dev	2.483048							313.0	24342.0	22950.0	23274.0	609.0	658.0	599.0
32	Msp20250929174203_NCDK_conventional_converted_dev:RIKEN N-VS1 ID-884 from Mouse_Macrophage_WT_N_F1AA				RIKEN N-VS1 ID-884 from Mouse_Macrophage_WT_N_F1AA					311.16835			Msp20250929174203_NCDK_conventional_converted_dev	Msp20250929174203_NCDK_conventional_converted_dev	1.715259							2182.0	2572.0	2734.0	3107.0	1368.0	1411.0	1579.0
33	Msp20250929174203_NCDK_conventional_converted_dev:FA 20:0	C20H40O2	O=C(O)CCCCCCCCCCCCCCCCCCC		FA 20:0	312.3028				311.29402			Msp20250929174203_NCDK_conventional_converted_dev	Msp20250929174203_NCDK_conventional_converted_dev	2.473508							12.0	1971.0	1862.0	1902.0	59.0	52.0	62.0
34	Msp20250929174203_NCDK_conventional_converted_dev:FA 20:0	C20H40O2	O=C(O)CCCCCCCCCCCCCCCCCCC		FA 20:0	312.3028				311.29458			Msp20250929174203_NCDK_conventional_converted_dev	Msp20250929174203_NCDK_conventional_converted_dev	2.511656							1183.0	16457.0	15565.0	16077.0	2326.0	2294.0	2471.0
35	Msp20250929174203_NCDK_conventional_converted_dev:Dodecylbenzenesulfonic acid	C18H30O3S	CCCCCCCCCCCCC1=CC=C(C=C1)S(O)(=O)=O		Dodecylbenzenesulfonic acid	326.1916				325.18402			Msp20250929174203_NCDK_conventional_converted_dev	Msp20250929174203_NCDK_conventional_converted_dev	1.902079							5041.0	6016.0	5838.0	8480.0	2972.0	3012.0	4152.0
36	Msp20250929174203_NCDK_conventional_converted_dev:FA 21:0	C21H42O2	O=C(O)CCCCCCCCCCCCCCCCCCCC		FA 21:0	326.3185				325.30995			Msp20250929174203_NCDK_conventional_converted_dev	Msp20250929174203_NCDK_conventional_converted_dev	2.474509							76.0	4483.0	4329.0	4368.0	57.0	61.0	69.0
37	Msp20250929174203_NCDK_conventional_converted_dev:FA 22:6	C22H32O2	O=C(O)CCC=CCC=CCC=CCC=CCC=CCC=CCC		FA 22:6	328.2402				327.23225			Msp20250929174203_NCDK_conventional_converted_dev	Msp20250929174203_NCDK_conventional_converted_dev	2.262002							19.0	14282.0	13218.0	13323.0	752.0	739.0	622.0
38	Msp20250929174203_NCDK_conventional_converted_dev:FA 20:0(2OH)	C20H40O3	O=C(O)C(O)CCCCCCCCCCCCCCCCCC		FA 20:0(2OH)	328.2977				327.28928			Msp20250929174203_NCDK_conventional_converted_dev	Msp20250929174203_NCDK_conventional_converted_dev	2.489549							10.0	2790.0	2521.0	2346.0	18.0	7.0	14.0
39	Msp20250929174203_NCDK_conventional_converted_dev:FA 22:5	C22H34O2	O=C(O)CCCCCC=CCC=CCC=CCC=CCC=CCC		FA 22:5	330.2559				329.24748			Msp20250929174203_NCDK_conventional_converted_dev	Msp20250929174203_NCDK_conventional_converted_dev	2.382012							2.0	4198.0	4262.0	4091.0	478.0	472.0	441.0
40	Msp20250929174203_NCDK_conventional_converted_dev:FA 22:4	C22H36O2	O=C(O)CCCCCCCCC=CCC=CCC=CCC=CCC		FA 22:4	332.2715				331.26335			Msp20250929174203_NCDK_conventional_converted_dev	Msp20250929174203_NCDK_conventional_converted_dev	2.431933							240.0	10151.0	9627.0	9471.0	547.0	582.0	592.0
41	Msp20250929174203_NCDK_conventional_converted_dev:FA 22:3	C22H38O2	O=C(O)CCCCCCCCC=CCC=CCC=CCCCCC		FA 22:3	334.2872				333.27893			Msp20250929174203_NCDK_conventional_converted_dev	Msp20250929174203_NCDK_conventional_converted_dev	2.488759							40.0	3943.0	3548.0	3707.0	40.0	44.0	56.0
42	Msp20250929174203_NCDK_conventional_converted_dev:FA 22:2	C22H40O2	O=C(O)CCCCCCCCCCCC=CCC=CCCCCC		FA 22:2	336.3028				335.29456			Msp20250929174203_NCDK_conventional_converted_dev	Msp20250929174203_NCDK_conventional_converted_dev	2.518349							30.0	2181.0	2175.0	2164.0	33.0	28.0	29.0
43	Msp20250929174203_NCDK_conventional_converted_dev:FA 22:1	C22H42O2	O=C(O)CCCCCCCCCCCC=CCCCCCCCC		FA 22:1	338.3185				337.31029			Msp20250929174203_NCDK_conventional_converted_dev	Msp20250929174203_NCDK_conventional_converted_dev	2.478092							64.0	19881.0	18731.0	19544.0	64.0	67.0	79.0
44	Msp20250929174203_NCDK_conventional_converted_dev:Norethisterone acetate	C22H28O3	CC(=O)O[C@]1(CC[C@H]2[C@@H]3CCC4=CC(=O)CC[C@@H]4[C@H]3CC[C@]12C)C#C		Norethisterone acetate	340.2038				339.19964			Msp20250929174203_NCDK_conventional_converted_dev	Msp20250929174203_NCDK_conventional_converted_dev	1.879924							2323.0	2607.0	2681.0	4239.0	1243.0	1237.0	1842.0
45										339.23199			Msp20250929174203_NCDK_conventional_converted_dev	Msp20250929174203_NCDK_conventional_converted_dev								4.0	12.0	9.0	24.0	17724.0	18148.0	16432.0
46	Msp20250929174203_NCDK_conventional_converted_dev:FA 22:0	C22H44O2	O=C(O)CCCCCCCCCCCCCCCCCCCCC		FA 22:0	340.3341				339.32607			Msp20250929174203_NCDK_conventional_converted_dev	Msp20250929174203_NCDK_conventional_converted_dev	2.52974							904.0	15308.0	15374.0	15558.0	1999.0	2071.0	2057.0
47										347.29432			Msp20250929174203_NCDK_conventional_converted_dev	Msp20250929174203_NCDK_conventional_converted_dev								7.0	1110.0	1099.0	954.0	2.0	0.0	3.0
48	Msp20250929174203_NCDK_conventional_converted_dev:FA 23:0	C23H46O2	O=C(O)CCCCCCCCCCCCCCCCCCCCCC		FA 23:0	354.3498				353.34189			Msp20250929174203_NCDK_conventional_converted_dev	Msp20250929174203_NCDK_conventional_converted_dev	2.475261							119.0	5588.0	5374.0	5705.0	143.0	126.0	162.0
49	Msp20250929174203_NCDK_conventional_converted_dev:FA 22:0(2OH)	C22H44O3	O=C(O)C(O)CCCCCCCCCCCCCCCCCCCC		FA 22:0(2OH)	356.329				355.32029			Msp20250929174203_NCDK_conventional_converted_dev	Msp20250929174203_NCDK_conventional_converted_dev	2.49223							31.0	7242.0	7601.0	6806.0	17.0	16.0	23.0
50	Msp20250929174203_NCDK_conventional_converted_dev:AAHFA 7:0/15:4;O	C22H34O4	O=C(OC(C=CCC=CCC=CCC=CCC)C(=O)O)CCCCCC		AAHFA 7:0/15:4;O	362.2457				361.23578			Msp20250929174203_NCDK_conventional_converted_dev	Msp20250929174203_NCDK_conventional_converted_dev	-0.159769							13.0	1264.0	1394.0	1369.0	295.0	258.0	241.0
51	Msp20250929174203_NCDK_conventional_converted_dev:RIKEN N-VS1 ID-1146 from Mouse_Lung_WT_N_F1				RIKEN N-VS1 ID-1146 from Mouse_Lung_WT_N_F1					363.25184			Msp20250929174203_NCDK_conventional_converted_dev	Msp20250929174203_NCDK_conventional_converted_dev	1.66975							64.0	1036.0	1219.0	1273.0	538.0	573.0	551.0
52	Msp20250929174203_NCDK_conventional_converted_dev:FA 24:1	C24H46O2	O=C(O)CCCCCCCCCCCCCC=CCCCCCCCC		FA 24:1	366.3498				365.34148			Msp20250929174203_NCDK_conventional_converted_dev	Msp20250929174203_NCDK_conventional_converted_dev	2.461211							47.0	24954.0	23808.0	24456.0	224.0	215.0	201.0
53	Msp20250929174203_NCDK_conventional_converted_dev:FA 24:0	C24H48O2	O=C(O)CCCCCCCCCCCCCCCCCCCCCCC		FA 24:0	368.3654				367.3572			Msp20250929174203_NCDK_conventional_converted_dev	Msp20250929174203_NCDK_conventional_converted_dev	2.505646							911.0	39495.0	38646.0	38571.0	3454.0	3533.0	3575.0
54										369.00484			Msp20250929174203_NCDK_conventional_converted_dev	Msp20250929174203_NCDK_conventional_converted_dev								3726.0	3274.0	3596.0	3731.0	2327.0	2221.0	2362.0
55	Msp20250929174203_NCDK_conventional_converted_dev:FA 23:0(2OH)	C23H46O3	O=C(O)C(O)CCCCCCCCCCCCCCCCCCCCC		FA 23:0(2OH)	370.3447				369.33644			Msp20250929174203_NCDK_conventional_converted_dev	Msp20250929174203_NCDK_conventional_converted_dev	2.498713							31.0	5286.0	5195.0	5051.0	24.0	18.0	23.0
56										373.31007			Msp20250929174203_NCDK_conventional_converted_dev	Msp20250929174203_NCDK_conventional_converted_dev								18.0	1696.0	1582.0	1625.0	23.0	20.0	22.0
57	Msp20250929174203_NCDK_conventional_converted_dev:FA 24:4;O	C24H40O3	O=C(O)CCCCCCCC(O)CCC=CCC=CCC=CCC=CCC		FA 24:4;O	376.2977				375.28953			Msp20250929174203_NCDK_conventional_converted_dev	Msp20250929174203_NCDK_conventional_converted_dev	2.4419							0.0	1514.0	1504.0	1499.0	4.0	3.0	7.0
58	Msp20250929174203_NCDK_conventional_converted_dev:RIKEN N-VS1 ID-1226 from Mouse_Feces_WT_ABX_Ctr				RIKEN N-VS1 ID-1226 from Mouse_Feces_WT_ABX_Ctr					375.32588			Msp20250929174203_NCDK_conventional_converted_dev	Msp20250929174203_NCDK_conventional_converted_dev	1.658159							31.0	17537.0	16858.0	16988.0	4.0	10.0	4.0
59	Msp20250929174203_NCDK_conventional_converted_dev:FA 25:1	C25H48O2	O=C(O)CCCCCCCCCCCCC=CCCCCCCCCCC		no MS2: FA 25:1	380.3654				379.35697			Msp20250929174203_NCDK_conventional_converted_dev	Msp20250929174203_NCDK_conventional_converted_dev	-0.146533							6.0	1032.0	965.0	1043.0	27.0	16.0	29.0
60	Msp20250929174203_NCDK_conventional_converted_dev:FA 24:1(2OH)	C24H46O3	O=C(O)C(O)CCCCCCCCCCC=CCCCCCCCCCC		FA 24:1(2OH)	382.3447				381.33653			Msp20250929174203_NCDK_conventional_converted_dev	Msp20250929174203_NCDK_conventional_converted_dev	2.497704							26.0	10768.0	10271.0	9872.0	22.0	26.0	25.0
61	Msp20250929174203_NCDK_conventional_converted_dev:FA 25:0	C25H50O2	O=C(O)CCCCCCCCCCCCCCCCCCCCCCCC		FA 25:0	382.3811				381.37247			Msp20250929174203_NCDK_conventional_converted_dev	Msp20250929174203_NCDK_conventional_converted_dev	2.511548							132.0	5433.0	5352.0	5258.0	174.0	228.0	225.0
62	Msp20250929174203_NCDK_conventional_converted_dev:FA 24:0(2OH)	C24H48O3	O=C(O)C(O)CCCCCCCCCCCCCCCCCCCCCC		FA 24:0(2OH)	384.3603				383.35207			Msp20250929174203_NCDK_conventional_converted_dev	Msp20250929174203_NCDK_conventional_converted_dev	2.486412							99.0	20071.0	20039.0	18225.0	55.0	50.0	73.0
63	Msp20250929174203_NCDK_conventional_converted_dev:ST 24:2;O4	C24H38O4	C[C@H](CCC(=O)O)[C@H]1CC[C@@H]2[C@@]1(CC[C@H]3[C@H]2C(=O)C[C@H]4[C@@]3(CC[C@H](C4)O)C)C		ST 24:2;O4	390.277				389.26876			Msp20250929174203_NCDK_conventional_converted_dev	Msp20250929174203_NCDK_conventional_converted_dev	1.784314							3.0	1714.0	1682.0	1649.0	4.0	6.0	2.0
64	Msp20250929174203_NCDK_conventional_converted_dev:Deoxycholic acid	C24H40O4	C[C@H](CCC(O)=O)[C@H]1CC[C@H]2[C@@H]3CC[C@@H]4C[C@H](O)CC[C@]4(C)[C@H]3C[C@H](O)[C@]12C		Deoxycholic acid	392.2927				391.28459			Msp20250929174203_NCDK_conventional_converted_dev	Msp20250929174203_NCDK_conventional_converted_dev	1.884534							40.0	18305.0	18102.0	17685.0	90.0	109.0	92.0
65	Msp20250929174203_NCDK_conventional_converted_dev:FA 26:1	C26H50O2	O=C(O)CCCCCCCCCCCCCCCC=CCCCCCCCC		FA 26:1	394.3811				393.37238			Msp20250929174203_NCDK_conventional_converted_dev	Msp20250929174203_NCDK_conventional_converted_dev	2.487015							19.0	5800.0	5575.0	5302.0	60.0	51.0	58.0
66	Msp20250929174203_NCDK_conventional_converted_dev:FA 26:0	C26H52O2	O=C(O)CCCCCCCCCCCCCCCCCCCCCCCCC		FA 26:0	396.3967				395.38798			Msp20250929174203_NCDK_conventional_converted_dev	Msp20250929174203_NCDK_conventional_converted_dev	2.516891							468.0	16591.0	17065.0	16011.0	1599.0	1602.0	1469.0
67	Msp20250929174203_NCDK_conventional_converted_dev:FA 25:0(2OH)	C25H50O3	O=C(O)C(O)CCCCCCCCCCCCCCCCCCCCCCC		FA 25:0(2OH)	398.376				397.36692			Msp20250929174203_NCDK_conventional_converted_dev	Msp20250929174203_NCDK_conventional_converted_dev	2.506715							24.0	2569.0	2576.0	2148.0	19.0	20.0	27.0
68	Msp20250929174203_NCDK_conventional_converted_dev:RIKEN N-VS1 ID-1476 from Mouse_Feces_WT_N_Ctr				RIKEN N-VS1 ID-1476 from Mouse_Feces_WT_N_Ctr					401.34113			Msp20250929174203_NCDK_conventional_converted_dev	Msp20250929174203_NCDK_conventional_converted_dev	1.442239							3.0	1337.0	1239.0	1260.0	4.0	2.0	2.0
69	Msp20250929174203_NCDK_conventional_converted_dev:RIKEN N-VS1 ID-1488 from Mouse_SmallIntestine_WT_N_F1AA				RIKEN N-VS1 ID-1488 from Mouse_SmallIntestine_WT_N_F1AA					403.3571			Msp20250929174203_NCDK_conventional_converted_dev	Msp20250929174203_NCDK_conventional_converted_dev	1.668025							86.0	50738.0	47886.0	49450.0	22.0	22.0	26.0
70	Msp20250929174203_NCDK_conventional_converted_dev:NATau 19:0	C21H43NO4S	O=C(NCCS(=O)(=O)O)CCCCCCCCCCCCCCCCCC		low score: NATau 19:0	405.2913				404.28353			Msp20250929174203_NCDK_conventional_converted_dev	Msp20250929174203_NCDK_conventional_converted_dev	1.093149							571.0	578.0	545.0	544.0	1956.0	1943.0	1713.0
71	Msp20250929174203_NCDK_conventional_converted_dev:AAHFA 3:0/22:0;O	C25H48O4	O=C(OC(C(=O)O)CCCCCCCCCCCCCCCCCCCC)CC		AAHFA 3:0/22:0;O	412.3553				411.34745			Msp20250929174203_NCDK_conventional_converted_dev	Msp20250929174203_NCDK_conventional_converted_dev	1.670858							2.0	1136.0	982.0	1138.0	3.0	0.0	0.0
72	Msp20250929174203_NCDK_conventional_converted_dev:FA 26:0(2OH)	C26H52O3	O=C(O)C(O)CCCCCCCCCCCCCCCCCCCCCCCC		FA 26:0(2OH)	412.3916				411.38279			Msp20250929174203_NCDK_conventional_converted_dev	Msp20250929174203_NCDK_conventional_converted_dev	2.51213							29.0	2807.0	2981.0	2330.0	21.0	22.0	30.0
73										413.28958			Msp20250929174203_NCDK_conventional_converted_dev	Msp20250929174203_NCDK_conventional_converted_dev								7.0	1725.0	1538.0	1655.0	182.0	209.0	180.0
74	Msp20250929174203_NCDK_conventional_converted_dev:FA 28:1	C28H54O2	O=C(O)CCCCCCCCCCCCCCCCCC=CCCCCCCCC		FA 28:1	422.4124				421.40371			Msp20250929174203_NCDK_conventional_converted_dev	Msp20250929174203_NCDK_conventional_converted_dev	2.485977							9.0	2421.0	2216.0	2218.0	9.0	6.0	10.0
75	Msp20250929174203_NCDK_conventional_converted_dev:FA 28:0	C28H56O2	O=C(O)CCCCCCCCCCCCCCCCCCCCCCCCCCC		FA 28:0	424.428				423.41857			Msp20250929174203_NCDK_conventional_converted_dev	Msp20250929174203_NCDK_conventional_converted_dev	2.507929							224.0	3566.0	3666.0	3139.0	397.0	427.0	424.0
76	Msp20250929174203_NCDK_conventional_converted_dev:FAHFA 4:0/22:0;O	C26H50O4	O=C(OC(C(=O)O)CCCCCCCCCCCCCCCCCCCC)CCC		FAHFA 4:0/22:0;O	426.3709				425.36198			Msp20250929174203_NCDK_conventional_converted_dev	Msp20250929174203_NCDK_conventional_converted_dev	2.319845							4.0	2236.0	2110.0	2101.0	2.0	4.0	1.0
77	Msp20250929174203_NCDK_conventional_converted_dev:RIKEN N-VS1 ID-1706 from Mouse_Feces_WT_ABX_Ctr				RIKEN N-VS1 ID-1706 from Mouse_Feces_WT_ABX_Ctr					431.38877			Msp20250929174203_NCDK_conventional_converted_dev	Msp20250929174203_NCDK_conventional_converted_dev	1.651473							26.0	13321.0	13434.0	13699.0	29.0	3.0	20.0
78	Msp20250929174203_NCDK_conventional_converted_dev:BA 24:1;O2;G	C26H43NO4	C[C@H](CCC(=O)NCC(=O)O)[C@H]1CC[C@@H]2[C@@]1(CC[C@H]3[C@H]2CC[C@H]4[C@@]3(CC[C@H](C4)O)C)C		low score: BA 24:1;O2;G	433.3192				432.31381			Msp20250929174203_NCDK_conventional_converted_dev	Msp20250929174203_NCDK_conventional_converted_dev	0.5069716							954.0	962.0	1136.0	1012.0	2626.0	2796.0	2655.0
79	Msp20250929174203_NCDK_conventional_converted_dev:LPE 15:0	C20H42NO7P	O=C(OCC(O)COP(=O)(O)OCCN)CCCCCCCCCCCCCC		LPE 15:0	439.2699				438.26177			Msp20250929174203_NCDK_conventional_converted_dev	Msp20250929174203_NCDK_conventional_converted_dev	2.541441							0.0	2709.0	2671.0	2709.0	2.0	0.0	3.0
80	Msp20250929174203_NCDK_conventional_converted_dev:RIKEN N-VS1 ID-1748 from Mouse_Feces_WT_N_Ctr				RIKEN N-VS1 ID-1748 from Mouse_Feces_WT_N_Ctr					439.32035			Msp20250929174203_NCDK_conventional_converted_dev	Msp20250929174203_NCDK_conventional_converted_dev	1.610051							2.0	1302.0	1301.0	1272.0	0.0	0.0	2.0
81	Msp20250929174203_NCDK_conventional_converted_dev:AAHFA 4:0/23:0;O	C27H52O4	O=C(OC(C(=O)O)CCCCCCCCCCCCCCCCCCCCC)CCC		AAHFA 4:0/23:0;O	440.3866				439.37794			Msp20250929174203_NCDK_conventional_converted_dev	Msp20250929174203_NCDK_conventional_converted_dev	2.349838							4.0	2292.0	2244.0	2201.0	4.0	2.0	2.0
82	Msp20250929174203_NCDK_conventional_converted_dev:RIKEN N-VS1 ID-1759 from Mouse_Feces_WT_N_Ctr				RIKEN N-VS1 ID-1759 from Mouse_Feces_WT_N_Ctr					441.33583			Msp20250929174203_NCDK_conventional_converted_dev	Msp20250929174203_NCDK_conventional_converted_dev	1.326497							0.0	1326.0	1390.0	1284.0	0.0	0.0	0.0
83	Msp20250929174203_NCDK_conventional_converted_dev:RIKEN N-VS1 ID-1787 from Mouse_Feces_WT_N_Ctr				RIKEN N-VS1 ID-1787 from Mouse_Feces_WT_N_Ctr					445.36734			Msp20250929174203_NCDK_conventional_converted_dev	Msp20250929174203_NCDK_conventional_converted_dev	1.376101							8.0	1547.0	1461.0	1457.0	35.0	25.0	27.0
84										447.06335			Msp20250929174203_NCDK_conventional_converted_dev	Msp20250929174203_NCDK_conventional_converted_dev								338.0	684.0	698.0	1104.0	260.0	268.0	380.0
85	Msp20250929174203_NCDK_conventional_converted_dev:RIKEN N-VS1 ID-1816 from Mouse_Feces_WT_N_Ctr				RIKEN N-VS1 ID-1816 from Mouse_Feces_WT_N_Ctr					449.36148			Msp20250929174203_NCDK_conventional_converted_dev	Msp20250929174203_NCDK_conventional_converted_dev	1.410186							3.0	1836.0	2078.0	1925.0	39.0	37.0	46.0
86	Msp20250929174203_NCDK_conventional_converted_dev:FA 30:1	C30H58O2	O=C(O)CCCCCCCCCCCCCCCCCCCC=CCCCCCCCC		FA 30:1	450.4437				449.43475			Msp20250929174203_NCDK_conventional_converted_dev	Msp20250929174203_NCDK_conventional_converted_dev	2.462366							22.0	5006.0	4850.0	4950.0	3.0	9.0	3.0
87	Msp20250929174203_NCDK_conventional_converted_dev:AAHFA 4:0/24:1;O	C28H52O4	O=C(OC(C(=O)O)CCCCCCCCCCC=CCCCCCCCCCC)CCC		AAHFA 4:0/24:1;O	452.3866				451.37742			Msp20250929174203_NCDK_conventional_converted_dev	Msp20250929174203_NCDK_conventional_converted_dev	2.559895							0.0	1436.0	1394.0	1376.0	1.0	7.0	4.0
88	Msp20250929174203_NCDK_conventional_converted_dev:FA 30:0	C30H60O2	O=C(O)CCCCCCCCCCCCCCCCCCCCCCCCCCCCC		FA 30:0	452.4593				451.44961			Msp20250929174203_NCDK_conventional_converted_dev	Msp20250929174203_NCDK_conventional_converted_dev	2.478917							195.0	4012.0	4286.0	3726.0	241.0	277.0	273.0
89	Msp20250929174203_NCDK_conventional_converted_dev:LPE 16:0	C21H44NO7P	O=C(OCC(O)COP(=O)(O)OCCN)CCCCCCCCCCCCCCC		LPE 16:0	453.2855				452.27746			Msp20250929174203_NCDK_conventional_converted_dev	Msp20250929174203_NCDK_conventional_converted_dev	2.538995							12.0	2437.0	2404.0	2484.0	248.0	238.0	259.0
90	Msp20250929174203_NCDK_conventional_converted_dev:AAHFA 4:0/24:0;O	C28H54O4	O=C(OC(C(=O)O)CCCCCCCCCCCCCCCCCCCCCC)CCC		AAHFA 4:0/24:0;O	454.4022				453.39345			Msp20250929174203_NCDK_conventional_converted_dev	Msp20250929174203_NCDK_conventional_converted_dev	2.556462							2.0	3617.0	3490.0	3360.0	2.0	2.0	0.0
91	Msp20250929174203_NCDK_conventional_converted_dev:RIKEN N-VS1 ID-1851 from Mouse_Feces_WT_N_Ctr				RIKEN N-VS1 ID-1851 from Mouse_Feces_WT_N_Ctr					455.3153			Msp20250929174203_NCDK_conventional_converted_dev	Msp20250929174203_NCDK_conventional_converted_dev	1.698754							0.0	2188.0	2381.0	2292.0	0.0	0.0	1.0
92	Msp20250929174203_NCDK_conventional_converted_dev:RIKEN N-VS1 ID-1851 from Mouse_Feces_WT_N_Ctr				RIKEN N-VS1 ID-1851 from Mouse_Feces_WT_N_Ctr					455.31549			Msp20250929174203_NCDK_conventional_converted_dev	Msp20250929174203_NCDK_conventional_converted_dev	1.709215							0.0	1190.0	1293.0	1128.0	0.0	4.0	0.0
93	Msp20250929174203_NCDK_conventional_converted_dev:RIKEN N-VS1 ID-1859 from Mouse_Feces_WT_N_Ctr				RIKEN N-VS1 ID-1859 from Mouse_Feces_WT_N_Ctr					457.33053			Msp20250929174203_NCDK_conventional_converted_dev	Msp20250929174203_NCDK_conventional_converted_dev	1.668943							3.0	1091.0	1112.0	1053.0	0.0	2.0	0.0
94	Msp20250929174203_NCDK_conventional_converted_dev:RIKEN N-VS1 ID-1873 from Mouse_AdrenalGlands_WT_N_Ctr				low score: RIKEN N-VS1 ID-1873 from Mouse_AdrenalGlands_WT_N_Ctr					459.32592			Msp20250929174203_NCDK_conventional_converted_dev	Msp20250929174203_NCDK_conventional_converted_dev	0.4290214							823.0	1176.0	1150.0	1615.0	210.0	181.0	238.0
95	Msp20250929174203_NCDK_conventional_converted_dev:RIKEN N-VS1 ID-1880 from Mouse_Feces_WT_ABX_Ctr				RIKEN N-VS1 ID-1880 from Mouse_Feces_WT_ABX_Ctr					459.41845			Msp20250929174203_NCDK_conventional_converted_dev	Msp20250929174203_NCDK_conventional_converted_dev	1.608295							10.0	4104.0	4238.0	4008.0	3.0	4.0	4.0
96	Msp20250929174203_NCDK_conventional_converted_dev:NATau 23:0	C25H51NO4S	O=C(NCCS(=O)(=O)O)CCCCCCCCCCCCCCCCCCCCCC		low score: NATau 23:0	461.3539				460.34359			Msp20250929174203_NCDK_conventional_converted_dev	Msp20250929174203_NCDK_conventional_converted_dev	1.090681							1259.0	1260.0	1065.0	1170.0	3160.0	3220.0	2540.0
97	Msp20250929174203_NCDK_conventional_converted_dev:RIKEN N-VS1 ID-1929 from Mouse_BAT_WT_N_Ctr				RIKEN N-VS1 ID-1929 from Mouse_BAT_WT_N_Ctr					463.37822			Msp20250929174203_NCDK_conventional_converted_dev	Msp20250929174203_NCDK_conventional_converted_dev	1.65661							10.0	1959.0	1919.0	2011.0	6.0	2.0	2.0
98	Msp20250929174203_NCDK_conventional_converted_dev:FA 31:1	C31H60O2	O=C(O)CCCCCCCCCCCCCCCCCCC=CCCCCCCCCCC		FA 31:1	464.4593				463.45057			Msp20250929174203_NCDK_conventional_converted_dev	Msp20250929174203_NCDK_conventional_converted_dev	2.476521							11.0	2041.0	2042.0	2166.0	6.0	0.0	0.0
99	Msp20250929174203_NCDK_conventional_converted_dev:ST 27:1;O;S	C27H46O4S	O=S(=O)(O)OC1CC2=CCC3C(CCC4(C)C(CCC34)C(C)CCCC(C)C)C2(C)CC1		ST 27:1;O;S	466.3117				465.30263			Msp20250929174203_NCDK_conventional_converted_dev	Msp20250929174203_NCDK_conventional_converted_dev	2.477476							123.0	8663.0	9006.0	8841.0	1070.0	1235.0	1109.0
100	Msp20250929174203_NCDK_conventional_converted_dev:RIKEN N-VS1 ID-2003 from Mouse_Plasma_ApoEKO_N_F1EPA				RIKEN N-VS1 ID-2003 from Mouse_Plasma_ApoEKO_N_F1EPA					473.28213			Msp20250929174203_NCDK_conventional_converted_dev	Msp20250929174203_NCDK_conventional_converted_dev	1.324029							895.0	1584.0	1536.0	3190.0	923.0	965.0	1727.0
101										473.39954			Msp20250929174203_NCDK_conventional_converted_dev	Msp20250929174203_NCDK_conventional_converted_dev								3615.0	7356.0	6950.0	7269.0	15257.0	14886.0	13979.0
102	Msp20250929174203_NCDK_conventional_converted_dev:FA 32:1	C32H62O2	O=C(O)CCCCCCCCCCCCCCCCCCCCCC=CCCCCCCCC		FA 32:1	478.475				477.46656			Msp20250929174203_NCDK_conventional_converted_dev	Msp20250929174203_NCDK_conventional_converted_dev	2.440578							81.0	16744.0	16950.0	17625.0	14.0	22.0	12.0
103	Msp20250929174203_NCDK_conventional_converted_dev:FA 32:0	C32H64O2	O=C(O)CCCCCCCCCCCCCCCCCCCCCCCCCCCCCCC		FA 32:0	480.4906				479.48044			Msp20250929174203_NCDK_conventional_converted_dev	Msp20250929174203_NCDK_conventional_converted_dev	2.395827							115.0	1471.0	1580.0	1199.0	72.0	70.0	77.0
104	Msp20250929174203_NCDK_conventional_converted_dev:GPNAE 18:0	C23H48NO7P	O=C(NCCOP(=O)(O)OCC(O)CO)CCCCCCCCCCCCCCCCC		low score: GPNAE 18:0	481.3168				480.30762			Msp20250929174203_NCDK_conventional_converted_dev	Msp20250929174203_NCDK_conventional_converted_dev	1.427403							21.0	160.0	182.0	171.0	1806.0	1853.0	1732.0
105	Msp20250929174203_NCDK_conventional_converted_dev:Cer 12:0;O2/18:5(2OH)	C30H51NO4	O=C(NC(CO)C(O)CCCCCCCCC)C(O)C=CCC=CCC=CCC=CCC=CCC		Cer 12:0;O2/18:5(2OH)	489.3818				488.37616			Msp20250929174203_NCDK_conventional_converted_dev	Msp20250929174203_NCDK_conventional_converted_dev	0.4999114							1031.0	989.0	1048.0	1204.0	2042.0	2340.0	2381.0
106	Msp20250929174203_NCDK_conventional_converted_dev:FA 33:1	C33H64O2	O=C(O)CCCCCCCCCCCCCCCCCCCCC=CCCCCCCCCCC		FA 33:1	492.4906				491.48111			Msp20250929174203_NCDK_conventional_converted_dev	Msp20250929174203_NCDK_conventional_converted_dev	2.451149							15.0	3087.0	3301.0	3078.0	2.0	2.0	2.0
107	Msp20250929174203_NCDK_conventional_converted_dev:RIKEN N-VS1 ID-2207 from Mouse_Feces_WT_N_Ctr				no MS2: RIKEN N-VS1 ID-2207 from Mouse_Feces_WT_N_Ctr					501.35692			Msp20250929174203_NCDK_conventional_converted_dev	Msp20250929174203_NCDK_conventional_converted_dev	-0.1305307							0.0	1197.0	1088.0	1170.0	0.0	0.0	0.0
108	Msp20250929174203_NCDK_conventional_converted_dev:SE 24:1;O4/7:0	C31H52O5	O=C(O)CCC(C)C1CCC2C3CCC4CC(OC(=O)CCCCCC)CCC4(C)C3CC(O)C12C		low score: SE 24:1;O4/7:0	504.3815				503.37254			Msp20250929174203_NCDK_conventional_converted_dev	Msp20250929174203_NCDK_conventional_converted_dev	1.152816							3.0	1576.0	1420.0	1572.0	1.0	2.0	2.0
109	Msp20250929174203_NCDK_conventional_converted_dev:FA 34:1	C34H66O2	O=C(O)CCCCCCCCCCCCCCCCCCCCCCCC=CCCCCCCCC		FA 34:1	506.5063				505.49607			Msp20250929174203_NCDK_conventional_converted_dev	Msp20250929174203_NCDK_conventional_converted_dev	2.41809							121.0	24636.0	24935.0	23652.0	18.0	16.0	23.0
110	Msp20250929174203_NCDK_conventional_converted_dev:RIKEN N-VS1 ID-2276 from Mouse_Feces_WT_N_Ctr				RIKEN N-VS1 ID-2276 from Mouse_Feces_WT_N_Ctr					508.35396			Msp20250929174203_NCDK_conventional_converted_dev	Msp20250929174203_NCDK_conventional_converted_dev	1.722168							2.0	2391.0	2374.0	2386.0	2.0	3.0	0.0
111	Msp20250929174203_NCDK_conventional_converted_dev:RIKEN N-VS1 ID-2305 from Mouse_Feces_WT_ABX_Ctr				low score: RIKEN N-VS1 ID-2305 from Mouse_Feces_WT_ABX_Ctr					511.47288			Msp20250929174203_NCDK_conventional_converted_dev	Msp20250929174203_NCDK_conventional_converted_dev	0.4436151							151.0	3662.0	3436.0	4012.0	724.0	794.0	842.0
112	Msp20250929174203_NCDK_conventional_converted_dev:SE 24:1;O4/8:1	C32H52O5	O=C(O)CCC(C)C1CCC2C3CCC4CC(OC(=O)CCC=CCCC)CCC4(C)C3CC(O)C12C		no MS2: SE 24:1;O4/8:1	516.3815				515.373			Msp20250929174203_NCDK_conventional_converted_dev	Msp20250929174203_NCDK_conventional_converted_dev	-0.1448299							0.0	1957.0	1721.0	1815.0	9.0	13.0	7.0
113	Msp20250929174203_NCDK_conventional_converted_dev:Cer 12:0;O2/20:5(2OH)	C32H55NO4	O=C(NC(CO)C(O)CCCCCCCCC)C(O)CCC=CCC=CCC=CCC=CCC=CCC		Cer 12:0;O2/20:5(2OH)	517.4131				516.40766			Msp20250929174203_NCDK_conventional_converted_dev	Msp20250929174203_NCDK_conventional_converted_dev	-0.1432457							688.0	785.0	817.0	672.0	1206.0	1211.0	1350.0
114	Msp20250929174203_NCDK_conventional_converted_dev:SE 24:1;O4/8:0	C32H54O5	O=C(O)CCC(C)C1CCC2C3CCC4CC(OC(=O)CCCCCCC)CCC4(C)C3CC(O)C12C		low score: SE 24:1;O4/8:0	518.3971				517.38901			Msp20250929174203_NCDK_conventional_converted_dev	Msp20250929174203_NCDK_conventional_converted_dev	1.256232							0.0	3021.0	3002.0	3166.0	39.0	42.0	35.0
115	Msp20250929174203_NCDK_conventional_converted_dev:FA 35:1	C35H68O2	O=C(O)CCCCCCCCCCCCCCCCCCCCCCC=CCCCCCCCCCC		FA 35:1	520.5219				519.51233			Msp20250929174203_NCDK_conventional_converted_dev	Msp20250929174203_NCDK_conventional_converted_dev	2.462402							7.0	997.0	1062.0	958.0	3.0	5.0	0.0
116	Msp20250929174203_NCDK_conventional_converted_dev:RIKEN N-VS1 ID-2394 from Mouse_Feces_WT_ABX_Ctr				RIKEN N-VS1 ID-2394 from Mouse_Feces_WT_ABX_Ctr					521.49194			Msp20250929174203_NCDK_conventional_converted_dev	Msp20250929174203_NCDK_conventional_converted_dev	1.598465							12.0	3300.0	3198.0	2988.0	7.0	5.0	6.0
117	Msp20250929174203_NCDK_conventional_converted_dev:RIKEN N-VS1 ID-2457 from Cell_HeLa_WT_N_Ctr				RIKEN N-VS1 ID-2457 from Cell_HeLa_WT_N_Ctr					529.4613			Msp20250929174203_NCDK_conventional_converted_dev	Msp20250929174203_NCDK_conventional_converted_dev	1.627005							16555.0	17228.0	17042.0	18268.0	49618.0	46987.0	44192.0
118	Msp20250929174203_NCDK_conventional_converted_dev:RIKEN N-VS1 ID-2457 from Cell_HeLa_WT_N_Ctr				RIKEN N-VS1 ID-2457 from Cell_HeLa_WT_N_Ctr					529.4614			Msp20250929174203_NCDK_conventional_converted_dev	Msp20250929174203_NCDK_conventional_converted_dev	1.670599							473.0	412.0	418.0	432.0	1284.0	1263.0	1169.0
119	Msp20250929174203_NCDK_conventional_converted_dev:RIKEN N-VS1 ID-2487 from Mouse_Feces_WT_N_Ctr				RIKEN N-VS1 ID-2487 from Mouse_Feces_WT_N_Ctr					533.38454			Msp20250929174203_NCDK_conventional_converted_dev	Msp20250929174203_NCDK_conventional_converted_dev	1.505474							0.0	1142.0	1064.0	1144.0	2.0	4.0	2.0
120	Msp20250929174203_NCDK_conventional_converted_dev:RIKEN N-VS1 ID-2496 from Mouse_Feces_WT_ABX_Ctr				no MS2: RIKEN N-VS1 ID-2496 from Mouse_Feces_WT_ABX_Ctr					533.45508			Msp20250929174203_NCDK_conventional_converted_dev	Msp20250929174203_NCDK_conventional_converted_dev	-0.1291634							48.0	970.0	1033.0	1163.0	316.0	279.0	311.0
121	Msp20250929174203_NCDK_conventional_converted_dev:FA 36:1	C36H70O2	O=C(O)CCCCCCCCCCCCCCCCCCCCCCCC=CCCCCCCCCCC		FA 36:1	534.5376				533.52802			Msp20250929174203_NCDK_conventional_converted_dev	Msp20250929174203_NCDK_conventional_converted_dev	2.458514							20.0	4238.0	3993.0	3949.0	2.0	6.0	7.0
122	Msp20250929174203_NCDK_conventional_converted_dev:RIKEN N-VS1 ID-2521 from Mouse_Feces_WT_N_Ctr				RIKEN N-VS1 ID-2521 from Mouse_Feces_WT_N_Ctr					536.38521			Msp20250929174203_NCDK_conventional_converted_dev	Msp20250929174203_NCDK_conventional_converted_dev	1.55857							0.0	1082.0	1060.0	1032.0	4.0	0.0	0.0
123	Msp20250929174203_NCDK_conventional_converted_dev:Cer 18:1;O2/16:0	C34H67NO3	O=C(NC(CO)C(O)C=CCCCCCCCCCCCCC)CCCCCCCCCCCCCCC		Cer 18:1;O2/16:0	537.5121				536.50314			Msp20250929174203_NCDK_conventional_converted_dev	Msp20250929174203_NCDK_conventional_converted_dev	2.492143							8.0	5361.0	4618.0	5110.0	139.0	154.0	148.0
124	Msp20250929174203_NCDK_conventional_converted_dev:RIKEN N-VS1 ID-2623 from Mouse_Feces_WT_ABX_Ctr				RIKEN N-VS1 ID-2623 from Mouse_Feces_WT_ABX_Ctr					549.52317			Msp20250929174203_NCDK_conventional_converted_dev	Msp20250929174203_NCDK_conventional_converted_dev	1.618206							0.0	1183.0	1075.0	1068.0	12.0	12.0	2.0
125	Msp20250929174203_NCDK_conventional_converted_dev:Cer 18:1;O2/16:0(2OH)	C34H67NO4	O=C(NC(CO)C(O)C=CCCCCCCCCCCCCC)C(O)CCCCCCCCCCCCCC		Cer 18:1;O2/16:0(2OH)	553.507				552.49752			Msp20250929174203_NCDK_conventional_converted_dev	Msp20250929174203_NCDK_conventional_converted_dev	2.482321							27.0	1408.0	1323.0	1389.0	35.0	19.0	22.0
126	Msp20250929174203_NCDK_conventional_converted_dev:LPC 16:0	C24H50NO7P	O=C(OCC(O)COP(=O)([O-])OCC[N+](C)(C)C)CCCCCCCCCCCCCCC		LPC 16:0	495.3325				554.34497			Msp20250929174203_NCDK_conventional_converted_dev	Msp20250929174203_NCDK_conventional_converted_dev	2.536916							22.0	1435.0	1391.0	1500.0	18823.0	19625.0	18199.0
127	Msp20250929174203_NCDK_conventional_converted_dev:Cer 18:0;O2/16:0(3OH)	C34H69NO4	O=C(NC(CO)C(O)CCCCCCCCCCCCCCC)CC(O)CCCCCCCCCCCCC		Cer 18:0;O2/16:0(3OH)	555.5227				554.5134			Msp20250929174203_NCDK_conventional_converted_dev	Msp20250929174203_NCDK_conventional_converted_dev	2.392987							4.0	4240.0	3886.0	4211.0	5.0	5.0	9.0
128	Msp20250929174203_NCDK_conventional_converted_dev:FAHFA 18:2/18:1;O	C36H64O4	O=C(O)CCCCCCC(OC(=O)CCCCCCCC=CCC=CCCCCC)C=CCCCCCCCC		FAHFA 18:2/18:1;O	560.4805				559.47055			Msp20250929174203_NCDK_conventional_converted_dev	Msp20250929174203_NCDK_conventional_converted_dev	2.501268							9.0	3097.0	3145.0	3030.0	10.0	14.0	12.0
129	Msp20250929174203_NCDK_conventional_converted_dev:AAHFA 18:2/18:1;O	C36H64O4	O=C(OC(C(=O)O)CCCCCCC=CCCCCCCCC)CCCCCCCC=CCC=CCCCCC		AAHFA 18:2/18:1;O	560.4805				559.47169			Msp20250929174203_NCDK_conventional_converted_dev	Msp20250929174203_NCDK_conventional_converted_dev	1.425104							0.0	7652.0	7319.0	7425.0	182.0	224.0	162.0
130	Msp20250929174203_NCDK_conventional_converted_dev:FAHFA 18:1/18:1;O	C36H66O4	O=C(O)CCCCCCC(OC(=O)CCCCCCCC=CCCCCCCCC)C=CCCCCCCCC		FAHFA 18:1/18:1;O	562.4961				561.48789			Msp20250929174203_NCDK_conventional_converted_dev	Msp20250929174203_NCDK_conventional_converted_dev	2.419608							5.0	3073.0	3017.0	3106.0	16.0	15.0	17.0
131	Msp20250929174203_NCDK_conventional_converted_dev:RIKEN N-VS1 ID-2757 from Mouse_Muscle_WT_CTX1_Ctr				RIKEN N-VS1 ID-2757 from Mouse_Muscle_WT_CTX1_Ctr					563.50414			Msp20250929174203_NCDK_conventional_converted_dev	Msp20250929174203_NCDK_conventional_converted_dev	1.654125							17.0	4993.0	4956.0	5348.0	1010.0	1096.0	829.0
132	Msp20250929174203_NCDK_conventional_converted_dev:RIKEN N-VS1 ID-2804 from Mouse_Macrophage_WT_N_F1AA				RIKEN N-VS1 ID-2804 from Mouse_Macrophage_WT_N_F1AA					567.5348			Msp20250929174203_NCDK_conventional_converted_dev	Msp20250929174203_NCDK_conventional_converted_dev	1.648256							282.0	3358.0	3043.0	3889.0	702.0	831.0	1055.0
133	Msp20250929174203_NCDK_conventional_converted_dev:Cer 18:0;O2/17:0(3OH)	C35H71NO4	O=C(NC(CO)C(O)CCCCCCCCCCCCCCC)CC(O)CCCCCCCCCCCCCC		Cer 18:0;O2/17:0(3OH)	569.5383				568.52889			Msp20250929174203_NCDK_conventional_converted_dev	Msp20250929174203_NCDK_conventional_converted_dev	2.364067							0.0	2528.0	2334.0	2432.0	2.0	4.0	2.0
134	Msp20250929174203_NCDK_conventional_converted_dev:Cer 18:0;O3/16:0(2OH)	C34H69NO5	O=C(NC(CO)C(O)C(O)CCCCCCCCCCCCCC)C(O)CCCCCCCCCCCCCC		Cer 18:0;O3/16:0(2OH)	571.5176				570.50836			Msp20250929174203_NCDK_conventional_converted_dev	Msp20250929174203_NCDK_conventional_converted_dev	2.436631							4.0	1763.0	1560.0	1607.0	5.0	5.0	6.0
135	Msp20250929174203_NCDK_conventional_converted_dev:RIKEN N-VS1 ID-2834 from Mouse_Feces_WT_ABX_Ctr				RIKEN N-VS1 ID-2834 from Mouse_Feces_WT_ABX_Ctr					571.41264			Msp20250929174203_NCDK_conventional_converted_dev	Msp20250929174203_NCDK_conventional_converted_dev	1.656837							2.0	2676.0	2968.0	2795.0	2.0	1.0	0.0
136	Msp20250929174203_NCDK_conventional_converted_dev:SL 17:0;O/15:0	C32H65NO5S	O=C(N(CC(O)CCCCCCCCCCCCCC)CS(=O)(=O)O)CCCCCCCCCCCCCC		SL 17:0;O/15:0	575.4583				574.44901			Msp20250929174203_NCDK_conventional_converted_dev	Msp20250929174203_NCDK_conventional_converted_dev	2.480583							0.0	1964.0	2000.0	1902.0	4.0	4.0	4.0
137	Msp20250929174203_NCDK_conventional_converted_dev:RIKEN N-VS1 ID-2875 from Mouse_Feces_WT_ABX_Ctr				RIKEN N-VS1 ID-2875 from Mouse_Feces_WT_ABX_Ctr					577.42448			Msp20250929174203_NCDK_conventional_converted_dev	Msp20250929174203_NCDK_conventional_converted_dev	1.580986							13.0	1585.0	1514.0	1657.0	4.0	3.0	3.0
138	Msp20250929174203_NCDK_conventional_converted_dev:LPC 18:2	C26H50NO7P	O=C(OCC(O)COP(=O)([O-])OCC[N+](C)(C)C)CCCCCCCC=CCC=CCCCCC		LPC 18:2	519.3325				578.34474			Msp20250929174203_NCDK_conventional_converted_dev	Msp20250929174203_NCDK_conventional_converted_dev	2.520481							1.0	525.0	597.0	515.0	5277.0	5389.0	5000.0
139	Msp20250929174203_NCDK_conventional_converted_dev:LPC 18:1	C26H52NO7P	O=C(OCC(O)COP(=O)([O-])OCC[N+](C)(C)C)CCCCCCCC=CCCCCCCCC		LPC 18:1	521.3481				580.36006			Msp20250929174203_NCDK_conventional_converted_dev	Msp20250929174203_NCDK_conventional_converted_dev	2.537703							2.0	549.0	519.0	536.0	3745.0	3820.0	3654.0
140	Msp20250929174203_NCDK_conventional_converted_dev:AAHFA 28:6/10:0;O	C38H62O4	O=C(OC(C(=O)O)CCCCCCCC)CCCCCCCCC=CCC=CCC=CCC=CCC=CCC=CCC		AAHFA 28:6/10:0;O	582.4648				581.45395			Msp20250929174203_NCDK_conventional_converted_dev	Msp20250929174203_NCDK_conventional_converted_dev	-0.1646223							0.0	2450.0	2092.0	2298.0	84.0	100.0	81.0
141	Msp20250929174203_NCDK_conventional_converted_dev:LPC 18:0	C26H54NO7P	O=C(OCC(O)COP(=O)([O-])OCC[N+](C)(C)C)CCCCCCCCCCCCCCCCC		LPC 18:0	523.3638				582.3759			Msp20250929174203_NCDK_conventional_converted_dev	Msp20250929174203_NCDK_conventional_converted_dev	2.541258							3.0	539.0	573.0	460.0	5854.0	6218.0	5724.0
142	Msp20250929174203_NCDK_conventional_converted_dev:Cer 20:1;O3/15:0(2OH)	C35H69NO5	O=C(NC(CO)C(O)C(O)CCCC=CCCCCCCCCCCC)C(O)CCCCCCCCCCCCC		Cer 20:1;O3/15:0(2OH)	583.5176				582.50801			Msp20250929174203_NCDK_conventional_converted_dev	Msp20250929174203_NCDK_conventional_converted_dev	1.291489							5.0	1167.0	1209.0	1149.0	182.0	86.0	92.0
143	Msp20250929174203_NCDK_conventional_converted_dev:RIKEN N-VS1 ID-2951 from Mouse_Feces_WT_ABX_Ctr				RIKEN N-VS1 ID-2951 from Mouse_Feces_WT_ABX_Ctr					585.42853			Msp20250929174203_NCDK_conventional_converted_dev	Msp20250929174203_NCDK_conventional_converted_dev	1.661193							7.0	1875.0	1876.0	1776.0	0.0	2.0	3.0
144	Msp20250929174203_NCDK_conventional_converted_dev:RIKEN N-VS1 ID-2954 from Cell_HeLa_WT_N_Ctr				no MS2: RIKEN N-VS1 ID-2954 from Cell_HeLa_WT_N_Ctr					585.48439			Msp20250929174203_NCDK_conventional_converted_dev	Msp20250929174203_NCDK_conventional_converted_dev	-0.1374275							0.0	1226.0	1090.0	1150.0	289.0	308.0	284.0
145	Msp20250929174203_NCDK_conventional_converted_dev:SL 18:0;O/15:0	C33H67NO5S	O=C(N(CC(O)CCCCCCCCCCCCCCC)CS(=O)(=O)O)CCCCCCCCCCCCCC		SL 18:0;O/15:0	589.474				588.46403			Msp20250929174203_NCDK_conventional_converted_dev	Msp20250929174203_NCDK_conventional_converted_dev	2.436051							0.0	3341.0	3510.0	3504.0	0.0	0.0	2.0
146	Msp20250929174203_NCDK_conventional_converted_dev:RIKEN N-VS1 ID-3006 from Mouse_Feces_WT_ABX_Ctr				RIKEN N-VS1 ID-3006 from Mouse_Feces_WT_ABX_Ctr					591.44034			Msp20250929174203_NCDK_conventional_converted_dev	Msp20250929174203_NCDK_conventional_converted_dev	1.541751							6.0	4678.0	4600.0	4782.0	3.0	0.0	22.0
147	Msp20250929174203_NCDK_conventional_converted_dev:Cer 18:1;O2/16:0	C34H67NO3	O=C(NC(CO)C(O)C=CCCCCCCCCCCCCC)CCCCCCCCCCCCCCC		Cer 18:1;O2/16:0	537.5121				596.52408			Msp20250929174203_NCDK_conventional_converted_dev	Msp20250929174203_NCDK_conventional_converted_dev	2.497058							14.0	3904.0	3380.0	3900.0	273.0	317.0	231.0
148										598.18824			Msp20250929174203_NCDK_conventional_converted_dev	Msp20250929174203_NCDK_conventional_converted_dev								283.0	312.0	299.0	294.0	1438.0	1340.0	1217.0
149	Msp20250929174203_NCDK_conventional_converted_dev:RIKEN N-VS1 ID-3114 from Mouse_Feces_WT_ABX_Ctr				RIKEN N-VS1 ID-3114 from Mouse_Feces_WT_ABX_Ctr					601.42447			Msp20250929174203_NCDK_conventional_converted_dev	Msp20250929174203_NCDK_conventional_converted_dev	1.562214							74.0	8974.0	8414.0	8379.0	4.0	3.0	4.0
150	Msp20250929174203_NCDK_conventional_converted_dev:LPC 20:4	C28H50NO7P	O=C(OCC(O)COP(=O)([O-])OCC[N+](C)(C)C)CCCCCCC=CCC=CCC=CCC=CCC		LPC 20:4	543.3325				602.34541			Msp20250929174203_NCDK_conventional_converted_dev	Msp20250929174203_NCDK_conventional_converted_dev	2.545527							3.0	14.0	18.0	19.0	1143.0	1118.0	1064.0
151	Msp20250929174203_NCDK_conventional_converted_dev:SL 17:0;O/16:1;O	C33H65NO6S	O=C(N(CC(O)CCCCCCCCCCCCCC)CS(=O)(=O)O)C(O)CCCCCCC=CCCCCCC		SL 17:0;O/16:1;O	603.4533				602.44401			Msp20250929174203_NCDK_conventional_converted_dev	Msp20250929174203_NCDK_conventional_converted_dev	2.504785							2.0	1560.0	1450.0	1521.0	0.0	0.0	0.0
152	Msp20250929174203_NCDK_conventional_converted_dev:SL 18:0;O/16:0	C34H69NO5S	O=C(N(CC(O)CCCCCCCCCCCCCCC)CS(=O)(=O)O)CCCCCCCCCCCCCCC		SL 18:0;O/16:0	603.4896				602.48089			Msp20250929174203_NCDK_conventional_converted_dev	Msp20250929174203_NCDK_conventional_converted_dev	2.441083							0.0	1514.0	1466.0	1478.0	0.0	0.0	0.0
153										608.2436			Msp20250929174203_NCDK_conventional_converted_dev	Msp20250929174203_NCDK_conventional_converted_dev								411.0	390.0	390.0	387.0	1295.0	1423.0	1249.0
154										609.50734			Msp20250929174203_NCDK_conventional_converted_dev	Msp20250929174203_NCDK_conventional_converted_dev								0.0	1572.0	1371.0	1358.0	124.0	93.0	104.0
155	Msp20250929174203_NCDK_conventional_converted_dev:Cer 18:1;O2/16:0(2OH)	C34H67NO4	O=C(NC(CO)C(O)C=CCCCCCCCCCCCCC)C(O)CCCCCCCCCCCCCC		Cer 18:1;O2/16:0(2OH)	553.507				612.51876			Msp20250929174203_NCDK_conventional_converted_dev	Msp20250929174203_NCDK_conventional_converted_dev	2.408749							12.0	1468.0	1328.0	1403.0	4.0	4.0	4.0
156	Msp20250929174203_NCDK_conventional_converted_dev:Cer 18:0;O2/16:0(3OH)	C34H69NO4	O=C(NC(CO)C(O)CCCCCCCCCCCCCCC)CC(O)CCCCCCCCCCCCC		Cer 18:0;O2/16:0(3OH)	555.5227				614.53497			Msp20250929174203_NCDK_conventional_converted_dev	Msp20250929174203_NCDK_conventional_converted_dev	2.450574							0.0	4173.0	4012.0	4254.0	2.0	4.0	2.0
157	Msp20250929174203_NCDK_conventional_converted_dev:RIKEN N-VS1 ID-3265 from Mouse_Feces_WT_ABX_Ctr				RIKEN N-VS1 ID-3265 from Mouse_Feces_WT_ABX_Ctr					615.44064			Msp20250929174203_NCDK_conventional_converted_dev	Msp20250929174203_NCDK_conventional_converted_dev	1.636895							9.0	3644.0	3647.0	3653.0	2.0	0.0	0.0
158	Msp20250929174203_NCDK_conventional_converted_dev:SL 18:0;O/16:1;O	C34H67NO6S	O=C(N(CC(O)CCCCCCCCCCCCCCC)CS(=O)(=O)O)C(O)CCCCCCC=CCCCCCC		SL 18:0;O/16:1;O	617.4689				616.4591			Msp20250929174203_NCDK_conventional_converted_dev	Msp20250929174203_NCDK_conventional_converted_dev	2.500756							0.0	1497.0	1563.0	1532.0	0.0	2.0	0.0
159	Msp20250929174203_NCDK_conventional_converted_dev:SG 28:1;O;Hex	C34H58O6	OCC1OC(OC2CC3=CCC4C(CCC5(C)C(CCC45)C(C)CCC(C)C(C)C)C3(C)CC2)C(O)C(O)C1O		SG 28:1;O;Hex	562.4233				621.43484			Msp20250929174203_NCDK_conventional_converted_dev	Msp20250929174203_NCDK_conventional_converted_dev	2.351574							6.0	3788.0	4038.0	3950.0	16.0	14.0	20.0
160										626.21974			Msp20250929174203_NCDK_conventional_converted_dev	Msp20250929174203_NCDK_conventional_converted_dev								3020.0	2981.0	2717.0	2789.0	14405.0	14167.0	12493.0
161	Msp20250929174203_NCDK_conventional_converted_dev:Cer 18:0;O2/17:0(3OH)	C35H71NO4	O=C(NC(CO)C(O)CCCCCCCCCCCCCCC)CC(O)CCCCCCCCCCCCCC		Cer 18:0;O2/17:0(3OH)	569.5383				628.54961			Msp20250929174203_NCDK_conventional_converted_dev	Msp20250929174203_NCDK_conventional_converted_dev	2.440685							0.0	2720.0	2596.0	2611.0	4.0	3.0	4.0
162	Msp20250929174203_NCDK_conventional_converted_dev:SG 29:2;O;Hex	C35H58O6	OCC1OC(OC2CC3=CCC4C(CCC5(C)C(CCC45)C(C=CC(CC)C(C)C)C)C3(C)CC2)C(O)C(O)C1O		SG 29:2;O;Hex	574.4233				633.43601			Msp20250929174203_NCDK_conventional_converted_dev	Msp20250929174203_NCDK_conventional_converted_dev	2.391581							9.0	2647.0	2700.0	2728.0	10.0	8.0	8.0
163	Msp20250929174203_NCDK_conventional_converted_dev:SG 29:1;O;Hex	C35H60O6	OCC1OC(OC2CC3=CCC4C(CCC5(C)C(CCC45)C(C)CCC(CC)C(C)C)C3(C)CC2)C(O)C(O)C1O		SG 29:1;O;Hex	576.439				635.45073			Msp20250929174203_NCDK_conventional_converted_dev	Msp20250929174203_NCDK_conventional_converted_dev	2.400536							32.0	11367.0	11285.0	11156.0	41.0	56.0	39.0
164										636.26033			Msp20250929174203_NCDK_conventional_converted_dev	Msp20250929174203_NCDK_conventional_converted_dev								330.0	280.0	244.0	223.0	1119.0	1078.0	1013.0
165										636.27538			Msp20250929174203_NCDK_conventional_converted_dev	Msp20250929174203_NCDK_conventional_converted_dev								752.0	633.0	682.0	655.0	1961.0	1938.0	1946.0
166	Msp20250929174203_NCDK_conventional_converted_dev:Cer 12:0;O2/28:0(2OH)	C40H81NO4	O=C(NC(CO)C(O)CCCCCCCCC)C(O)CCCCCCCCCCCCCCCCCCCCCCCCCC		Cer 12:0;O2/28:0(2OH)	639.6166				638.60727			Msp20250929174203_NCDK_conventional_converted_dev	Msp20250929174203_NCDK_conventional_converted_dev	-0.149219							0.0	1065.0	1102.0	1212.0	33.0	37.0	32.0
167										640.23398			Msp20250929174203_NCDK_conventional_converted_dev	Msp20250929174203_NCDK_conventional_converted_dev								932.0	1170.0	1186.0	1119.0	2495.0	2587.0	2635.0
168	Msp20250929174203_NCDK_conventional_converted_dev:Cer 18:1;O2/24:1	C42H81NO3	O=C(NC(CO)C(O)C=CCCCCCCCCCCCCC)CCCCCCCCCCCCCC=CCCCCCCCC		Cer 18:1;O2/24:1	647.6216				646.61296			Msp20250929174203_NCDK_conventional_converted_dev	Msp20250929174203_NCDK_conventional_converted_dev	2.515964							0.0	2914.0	2971.0	3075.0	480.0	447.0	403.0
169	Msp20250929174203_NCDK_conventional_converted_dev:PE 14:0_15:0	C34H68NO8P	O=C(OCC(OC(=O)CCCCCCCCCCCCCC)COP(=O)(O)OCCN)CCCCCCCCCCCCC		PE 14:0_15:0	649.4683				648.45766			Msp20250929174203_NCDK_conventional_converted_dev	Msp20250929174203_NCDK_conventional_converted_dev	2.509639							2.0	2454.0	2467.0	2458.0	2.0	0.0	0.0
170	Msp20250929174203_NCDK_conventional_converted_dev:Cer 18:1;O2/24:0	C42H83NO3	O=C(NC(CO)C(O)C=CCCCCCCCCCCCCC)CCCCCCCCCCCCCCCCCCCCCCC		Cer 18:1;O2/24:0	649.6373				648.62814			Msp20250929174203_NCDK_conventional_converted_dev	Msp20250929174203_NCDK_conventional_converted_dev	2.54129							2.0	1096.0	1076.0	1143.0	1801.0	1603.0	1580.0
171										651.51708			Msp20250929174203_NCDK_conventional_converted_dev	Msp20250929174203_NCDK_conventional_converted_dev								14.0	1807.0	1842.0	1795.0	1274.0	1280.0	1373.0
172	Msp20250929174203_NCDK_conventional_converted_dev:Cer 18:1;O3/22:0(2OH)	C40H79NO5	O=C(NC(CO)C(O)C(O)CCCC=CCCCCCCCCC)C(O)CCCCCCCCCCCCCCCCCCCC		Cer 18:1;O3/22:0(2OH)	653.5958				652.58709			Msp20250929174203_NCDK_conventional_converted_dev	Msp20250929174203_NCDK_conventional_converted_dev	2.492106							0.0	3846.0	3746.0	4170.0	3.0	0.0	5.0
173										653.53322			Msp20250929174203_NCDK_conventional_converted_dev	Msp20250929174203_NCDK_conventional_converted_dev								16.0	778.0	827.0	832.0	1232.0	1240.0	1135.0
174										654.25131			Msp20250929174203_NCDK_conventional_converted_dev	Msp20250929174203_NCDK_conventional_converted_dev								19852.0	18640.0	17858.0	18220.0	64160.0	61212.0	56604.0
175	Msp20250929174203_NCDK_conventional_converted_dev:Cer 18:0;O3/22:0(2OH)	C40H81NO5	O=C(NC(CO)C(O)C(O)CCCCCCCCCCCCCC)C(O)CCCCCCCCCCCCCCCCCCCC		Cer 18:0;O3/22:0(2OH)	655.6115				654.60271			Msp20250929174203_NCDK_conventional_converted_dev	Msp20250929174203_NCDK_conventional_converted_dev	2.480974							3.0	3486.0	3396.0	3610.0	14.0	12.0	15.0
176	Msp20250929174203_NCDK_conventional_converted_dev:PE 15:0_15:0	C35H70NO8P	O=C(OCC(OC(=O)CCCCCCCCCCCCCC)COP(=O)(O)OCCN)CCCCCCCCCCCCCC		PE 15:0_15:0	663.4839				662.47484			Msp20250929174203_NCDK_conventional_converted_dev	Msp20250929174203_NCDK_conventional_converted_dev	2.50742							7.0	6823.0	6664.0	6821.0	3.0	0.0	0.0
177										664.29193			Msp20250929174203_NCDK_conventional_converted_dev	Msp20250929174203_NCDK_conventional_converted_dev								890.0	880.0	848.0	848.0	3351.0	3226.0	3102.0
178										664.30532			Msp20250929174203_NCDK_conventional_converted_dev	Msp20250929174203_NCDK_conventional_converted_dev								986.0	807.0	829.0	746.0	2193.0	2379.0	2153.0
179	Msp20250929174203_NCDK_conventional_converted_dev:Cer 18:0;O3/24:0	C42H85NO4	O=C(NC(CO)C(O)C(O)CCCCCCCCCCCCCC)CCCCCCCCCCCCCCCCCCCCCCC		Cer 18:0;O3/24:0	667.6479				666.63879			Msp20250929174203_NCDK_conventional_converted_dev	Msp20250929174203_NCDK_conventional_converted_dev	2.521145							2.0	3189.0	3128.0	3430.0	48.0	40.0	38.0
180										668.26524			Msp20250929174203_NCDK_conventional_converted_dev	Msp20250929174203_NCDK_conventional_converted_dev								3382.0	4342.0	4470.0	4051.0	6043.0	6542.0	6652.0
181										668.26538			Msp20250929174203_NCDK_conventional_converted_dev	Msp20250929174203_NCDK_conventional_converted_dev								144.0	298.0	288.0	292.0	1586.0	1602.0	1539.0
182	Msp20250929174203_NCDK_conventional_converted_dev:Cer 18:0;O3/23:0(2OH)	C41H83NO5	O=C(NC(CO)C(O)C(O)CCCCCCCCCCCCCC)C(O)CCCCCCCCCCCCCCCCCCCCC		Cer 18:0;O3/23:0(2OH)	669.6271				668.61798			Msp20250929174203_NCDK_conventional_converted_dev	Msp20250929174203_NCDK_conventional_converted_dev	2.503276							2.0	2364.0	2352.0	2484.0	22.0	23.0	27.0
183	Msp20250929174203_NCDK_conventional_converted_dev:RIKEN N-VS1 ID-3953 from Mouse_Feces_WT_N_Ctr				no MS2: RIKEN N-VS1 ID-3953 from Mouse_Feces_WT_N_Ctr					669.56636			Msp20250929174203_NCDK_conventional_converted_dev	Msp20250929174203_NCDK_conventional_converted_dev	-0.1355382							0.0	1091.0	1108.0	1165.0	0.0	0.0	0.0
184										672.31302			Msp20250929174203_NCDK_conventional_converted_dev	Msp20250929174203_NCDK_conventional_converted_dev								378.0	342.0	331.0	413.0	968.0	1046.0	1046.0
185										675.51911			Msp20250929174203_NCDK_conventional_converted_dev	Msp20250929174203_NCDK_conventional_converted_dev								16.0	3099.0	3051.0	3117.0	428.0	439.0	450.0
186	Msp20250929174203_NCDK_conventional_converted_dev:PE 15:0_16:0	C36H72NO8P	O=C(OCC(OC(=O)CCCCCCCCCCCCCCC)COP(=O)(O)OCCN)CCCCCCCCCCCCCC		PE 15:0_16:0	677.4996				676.48896			Msp20250929174203_NCDK_conventional_converted_dev	Msp20250929174203_NCDK_conventional_converted_dev	2.511295							4.0	5097.0	5197.0	5056.0	0.0	0.0	0.0
187	Msp20250929174203_NCDK_conventional_converted_dev:RIKEN N-VS1 ID-4051 from Cell_HeLa_WT_N_Ctr				RIKEN N-VS1 ID-4051 from Cell_HeLa_WT_N_Ctr					677.5355			Msp20250929174203_NCDK_conventional_converted_dev	Msp20250929174203_NCDK_conventional_converted_dev	1.056641							9.0	4282.0	4556.0	4713.0	2565.0	2161.0	2133.0
188										678.30659			Msp20250929174203_NCDK_conventional_converted_dev	Msp20250929174203_NCDK_conventional_converted_dev								189.0	374.0	403.0	362.0	1157.0	1283.0	1255.0
189										679.55009			Msp20250929174203_NCDK_conventional_converted_dev	Msp20250929174203_NCDK_conventional_converted_dev								11.0	1030.0	1052.0	1065.0	1434.0	1353.0	1371.0
190	Msp20250929174203_NCDK_conventional_converted_dev:Cer 18:1;O3/24:0(2OH)	C42H83NO5	O=C(NC(CO)C(O)C(O)CCCC=CCCCCCCCCC)C(O)CCCCCCCCCCCCCCCCCCCCCC		Cer 18:1;O3/24:0(2OH)	681.6271				680.61792			Msp20250929174203_NCDK_conventional_converted_dev	Msp20250929174203_NCDK_conventional_converted_dev	2.436745							14.0	8075.0	8464.0	8978.0	51.0	46.0	24.0
191	Msp20250929174203_NCDK_conventional_converted_dev:Cer 18:0;O3/24:1(2OH)	C42H83NO5	O=C(NC(CO)C(O)C(O)CCCCCCCCCCCCCC)C(O)CCCCCCCCCCC=CCCCCCCCCCC		Cer 18:0;O3/24:1(2OH)	681.6271				680.61842			Msp20250929174203_NCDK_conventional_converted_dev	Msp20250929174203_NCDK_conventional_converted_dev	2.484681							7.0	2865.0	2881.0	2909.0	12.0	14.0	10.0
192										682.28218			Msp20250929174203_NCDK_conventional_converted_dev	Msp20250929174203_NCDK_conventional_converted_dev								61898.0	63023.0	59457.0	61861.0	185548.0	176316.0	166283.0
193	Msp20250929174203_NCDK_conventional_converted_dev:Cer 18:0;O3/24:0(2OH)	C42H85NO5	O=C(NC(CO)C(O)C(O)CCCCCCCCCCCCCC)C(O)CCCCCCCCCCCCCCCCCCCCCC		Cer 18:0;O3/24:0(2OH)	683.6428				682.63357			Msp20250929174203_NCDK_conventional_converted_dev	Msp20250929174203_NCDK_conventional_converted_dev	2.465609							11.0	8102.0	7797.0	8558.0	58.0	24.0	40.0
194	Msp20250929174203_NCDK_conventional_converted_dev:PG O-16:1_15:0	C37H73O9P	O=C(OC(COCCCCCCCCC=CCCCCCC)COP(=O)(O)OCC(O)CO)CCCCCCCCCCCCCC		PG O-16:1_15:0	692.4992				691.48806			Msp20250929174203_NCDK_conventional_converted_dev	Msp20250929174203_NCDK_conventional_converted_dev	2.472935							0.0	991.0	1057.0	1042.0	0.0	0.0	0.0
195										692.32271			Msp20250929174203_NCDK_conventional_converted_dev	Msp20250929174203_NCDK_conventional_converted_dev								1614.0	2874.0	2597.0	2700.0	8906.0	8777.0	8140.0
196	Msp20250929174203_NCDK_conventional_converted_dev:PS 8:0_18:3;O3	C32H56NO13P	O=C(O)C(N)COP(=O)(O)OCC(OC(=O)CCCCCC=CC(O)C=CC(O)C(O)CC=CCC)COC(=O)CCCCCCC		PS 8:0_18:3;O3	693.3489				692.3372			Msp20250929174203_NCDK_conventional_converted_dev	Msp20250929174203_NCDK_conventional_converted_dev	1.019171							702.0	679.0	763.0	795.0	1555.0	1368.0	1559.0
197										696.29461			Msp20250929174203_NCDK_conventional_converted_dev	Msp20250929174203_NCDK_conventional_converted_dev								5958.0	6123.0	6708.0	6354.0	9980.0	11367.0	11233.0
198										696.29764			Msp20250929174203_NCDK_conventional_converted_dev	Msp20250929174203_NCDK_conventional_converted_dev								280.0	459.0	396.0	472.0	2142.0	2016.0	1765.0
199	Msp20250929174203_NCDK_conventional_converted_dev:Cer 18:1;O3/22:0	C40H79NO4	O=C(NC(CO)C(O)C(O)CCCC=CCCCCCCCCC)CCCCCCCCCCCCCCCCCCCCC		Cer 18:1;O3/22:0	637.6009				696.61309			Msp20250929174203_NCDK_conventional_converted_dev	Msp20250929174203_NCDK_conventional_converted_dev	2.313179							3.0	1343.0	1283.0	1408.0	2.0	12.0	5.0
200	Msp20250929174203_NCDK_conventional_converted_dev:Cer 18:0;O3/25:0(2OH)	C43H87NO5	O=C(NC(CO)C(O)C(O)CCCCCCCCCCCCCC)C(O)CCCCCCCCCCCCCCCCCCCCCCC		Cer 18:0;O3/25:0(2OH)	697.6584				696.64923			Msp20250929174203_NCDK_conventional_converted_dev	Msp20250929174203_NCDK_conventional_converted_dev	2.443626							7.0	1663.0	1668.0	1698.0	79.0	40.0	74.0
201										698.27602			Msp20250929174203_NCDK_conventional_converted_dev	Msp20250929174203_NCDK_conventional_converted_dev								434.0	505.0	481.0	504.0	1205.0	1158.0	1029.0
202	Msp20250929174203_NCDK_conventional_converted_dev:Cer 12:0;O2/28:0(2OH)	C40H81NO4	O=C(NC(CO)C(O)CCCCCCCCC)C(O)CCCCCCCCCCCCCCCCCCCCCCCCCC		Cer 12:0;O2/28:0(2OH)	639.6166				698.62836			Msp20250929174203_NCDK_conventional_converted_dev	Msp20250929174203_NCDK_conventional_converted_dev	-0.1480095							4.0	2145.0	2263.0	2391.0	77.0	82.0	80.0
203	Msp20250929174203_NCDK_conventional_converted_dev:PS 8:0_20:5;O2	C34H56NO12P	O=C(O)C(N)COP(=O)(O)OCC(OC(=O)CCCC=CCC=CCC(O)C=CC=CC=CC(O)CC)COC(=O)CCCCCCC		PS 8:0_20:5;O2	701.354				700.34853			Msp20250929174203_NCDK_conventional_converted_dev	Msp20250929174203_NCDK_conventional_converted_dev	0.4999542							430.0	382.0	416.0	409.0	1090.0	1172.0	1242.0
204	Msp20250929174203_NCDK_conventional_converted_dev:PG O-16:1_16:0	C38H75O9P	O=C(OC(COCCCCCCCCC=CCCCCCC)COP(=O)(O)OCC(O)CO)CCCCCCCCCCCCCCC		PG O-16:1_16:0	706.5149				705.50498			Msp20250929174203_NCDK_conventional_converted_dev	Msp20250929174203_NCDK_conventional_converted_dev	2.486686							2.0	1631.0	1506.0	1539.0	2.0	0.0	2.0
205										706.33737			Msp20250929174203_NCDK_conventional_converted_dev	Msp20250929174203_NCDK_conventional_converted_dev								255.0	478.0	558.0	474.0	1226.0	1317.0	1329.0
206	Msp20250929174203_NCDK_conventional_converted_dev:Cer 18:1;O2/24:1	C42H81NO3	O=C(NC(CO)C(O)C=CCCCCCCCCCCCCC)CCCCCCCCCCCCCC=CCCCCCCCC		Cer 18:1;O2/24:1	647.6216				706.63423			Msp20250929174203_NCDK_conventional_converted_dev	Msp20250929174203_NCDK_conventional_converted_dev	2.482547							2.0	2477.0	2547.0	2693.0	501.0	492.0	483.0
207	Msp20250929174203_NCDK_conventional_converted_dev:Cer 18:1;O3/26:0(2OH)	C44H87NO5	O=C(NC(CO)C(O)C(O)CCCC=CCCCCCCCCC)C(O)CCCCCCCCCCCCCCCCCCCCCCCC		Cer 18:1;O3/26:0(2OH)	709.6584				708.64958			Msp20250929174203_NCDK_conventional_converted_dev	Msp20250929174203_NCDK_conventional_converted_dev	2.412675							2.0	1276.0	1414.0	1461.0	88.0	81.0	80.0
208	Msp20250929174203_NCDK_conventional_converted_dev:Cer 18:1;O2/24:0	C42H83NO3	O=C(NC(CO)C(O)C=CCCCCCCCCCCCCC)CCCCCCCCCCCCCCCCCCCCCCC		Cer 18:1;O2/24:0	649.6373				708.64985			Msp20250929174203_NCDK_conventional_converted_dev	Msp20250929174203_NCDK_conventional_converted_dev	2.50753							7.0	978.0	960.0	1015.0	1889.0	1775.0	1777.0
209										710.31291			Msp20250929174203_NCDK_conventional_converted_dev	Msp20250929174203_NCDK_conventional_converted_dev								112506.0	103264.0	99570.0	103528.0	292852.0	289558.0	286431.0
210	Msp20250929174203_NCDK_conventional_converted_dev:Cer 18:0;O3/26:0(2OH)	C44H89NO5	O=C(NC(CO)C(O)C(O)CCCCCCCCCCCCCC)C(O)CCCCCCCCCCCCCCCCCCCCCCCC		Cer 18:0;O3/26:0(2OH)	711.6741				710.66278			Msp20250929174203_NCDK_conventional_converted_dev	Msp20250929174203_NCDK_conventional_converted_dev	2.443205							8.0	2022.0	2141.0	2091.0	232.0	230.0	204.0
211	Msp20250929174203_NCDK_conventional_converted_dev:Cer 18:1;O3/22:0(2OH)	C40H79NO5	O=C(NC(CO)C(O)C(O)CCCC=CCCCCCCCCC)C(O)CCCCCCCCCCCCCCCCCCCC		Cer 18:1;O3/22:0(2OH)	653.5958				712.60752			Msp20250929174203_NCDK_conventional_converted_dev	Msp20250929174203_NCDK_conventional_converted_dev	2.440873							0.0	3230.0	3218.0	3141.0	0.0	3.0	0.0
212	Msp20250929174203_NCDK_conventional_converted_dev:Cer 18:0;O3/22:0(2OH)	C40H81NO5	O=C(NC(CO)C(O)C(O)CCCCCCCCCCCCCC)C(O)CCCCCCCCCCCCCCCCCCCC		Cer 18:0;O3/22:0(2OH)	655.6115				714.62299			Msp20250929174203_NCDK_conventional_converted_dev	Msp20250929174203_NCDK_conventional_converted_dev	2.470538							3.0	1646.0	1702.0	1796.0	2.0	4.0	12.0
213										720.35407			Msp20250929174203_NCDK_conventional_converted_dev	Msp20250929174203_NCDK_conventional_converted_dev								2366.0	3286.0	3110.0	3372.0	9503.0	9354.0	8818.0
214	Msp20250929174203_NCDK_conventional_converted_dev:PS 8:0_20:3;O3	C34H60NO13P	O=C(O)C(N)COP(=O)(O)OCC(OC(=O)CCCCC(O)CCC(O)C(O)C=CCC=CCC=CCC)COC(=O)CCCCCCC		PS 8:0_20:3;O3	721.3802				720.36716			Msp20250929174203_NCDK_conventional_converted_dev	Msp20250929174203_NCDK_conventional_converted_dev	1.01222							602.0	604.0	532.0	570.0	1033.0	1075.0	1064.0
215	Msp20250929174203_NCDK_conventional_converted_dev:Cer 18:1;O2/24:1(2OH)	C42H81NO4	O=C(NC(CO)C(O)C=CCCCCCCCCCCCCC)C(O)CCCCCCCCCCC=CCCCCCCCCCC		Cer 18:1;O2/24:1(2OH)	663.6166				722.62861			Msp20250929174203_NCDK_conventional_converted_dev	Msp20250929174203_NCDK_conventional_converted_dev	2.229654							3.0	1394.0	1411.0	1561.0	25.0	3.0	2.0
216										724.32624			Msp20250929174203_NCDK_conventional_converted_dev	Msp20250929174203_NCDK_conventional_converted_dev								8637.0	8805.0	9721.0	8988.0	11943.0	14589.0	14137.0
217										724.32787			Msp20250929174203_NCDK_conventional_converted_dev	Msp20250929174203_NCDK_conventional_converted_dev								450.0	442.0	455.0	449.0	1335.0	1324.0	1240.0
218	Msp20250929174203_NCDK_conventional_converted_dev:Cer 12:0;O2/30:1(2OH)	C42H83NO4	O=C(NC(CO)C(O)CCCCCCCCC)C(O)CCCCCCCCCCCCCCCCC=CCCCCCCCCCC		Cer 12:0;O2/30:1(2OH)	665.6322				724.64395			Msp20250929174203_NCDK_conventional_converted_dev	Msp20250929174203_NCDK_conventional_converted_dev	-0.1484212							10.0	1718.0	1728.0	2072.0	96.0	84.0	90.0
219	Msp20250929174203_NCDK_conventional_converted_dev:Cer 18:1;O3/24:0	C42H83NO4	O=C(NC(CO)C(O)C(O)CCCC=CCCCCCCCCC)CCCCCCCCCCCCCCCCCCCCCCC		Cer 18:1;O3/24:0	665.6322				724.64443			Msp20250929174203_NCDK_conventional_converted_dev	Msp20250929174203_NCDK_conventional_converted_dev	2.323982							2.0	2402.0	2396.0	2542.0	11.0	8.0	8.0
220										726.30634			Msp20250929174203_NCDK_conventional_converted_dev	Msp20250929174203_NCDK_conventional_converted_dev								1328.0	1152.0	1028.0	1181.0	1836.0	1934.0	1877.0
221	Msp20250929174203_NCDK_conventional_converted_dev:Cer 18:0;O3/24:0	C42H85NO4	O=C(NC(CO)C(O)C(O)CCCCCCCCCCCCCC)CCCCCCCCCCCCCCCCCCCCCCC		Cer 18:0;O3/24:0	667.6479				726.65962			Msp20250929174203_NCDK_conventional_converted_dev	Msp20250929174203_NCDK_conventional_converted_dev	2.467956							9.0	5886.0	5922.0	6170.0	68.0	59.0	64.0
222	Msp20250929174203_NCDK_conventional_converted_dev:FAHFA 21:5/28:5;O	C49H76O4	O=C(O)CCCCCCCC(OC(=O)CCCCC=CCC=CCC=CCC=CCC=CCC)CCCC=CCC=CCC=CCC=CCC=CCC		FAHFA 21:5/28:5;O	728.5744				727.57039			Msp20250929174203_NCDK_conventional_converted_dev	Msp20250929174203_NCDK_conventional_converted_dev	1.024498							0.0	1378.0	1167.0	1320.0	0.0	3.0	0.0
223	Msp20250929174203_NCDK_conventional_converted_dev:Cer 18:0;O3/23:0(2OH)	C41H83NO5	O=C(NC(CO)C(O)C(O)CCCCCCCCCCCCCC)C(O)CCCCCCCCCCCCCCCCCCCCC		Cer 18:0;O3/23:0(2OH)	669.6271				728.63861			Msp20250929174203_NCDK_conventional_converted_dev	Msp20250929174203_NCDK_conventional_converted_dev	2.439047							3.0	1756.0	1822.0	1984.0	5.0	10.0	17.0
224	Msp20250929174203_NCDK_conventional_converted_dev:RIKEN N-VS1 ID-4876 from Mouse_Feces_WT_N_Ctr				RIKEN N-VS1 ID-4876 from Mouse_Feces_WT_N_Ctr					729.58615			Msp20250929174203_NCDK_conventional_converted_dev	Msp20250929174203_NCDK_conventional_converted_dev	1.421151							3.0	7320.0	6952.0	7101.0	2.0	0.0	0.0
225	Msp20250929174203_NCDK_conventional_converted_dev:PG O-18:2_16:0	C40H77O9P	O=C(OC(COCCCCCCCCC=CCC=CCCCCC)COP(=O)(O)OCC(O)CO)CCCCCCCCCCCCCCC		PG O-18:2_16:0	732.5305				731.52006			Msp20250929174203_NCDK_conventional_converted_dev	Msp20250929174203_NCDK_conventional_converted_dev	2.509441							2.0	3040.0	3144.0	3054.0	2.0	0.0	0.0
226	Msp20250929174203_NCDK_conventional_converted_dev:SM 16:1;O2/16:0	C37H75N2O6P	O=C(NC(COP(=O)([O-])OCC[N+](C)(C)C)C(O)C=CCCCCCCCCCCC)CCCCCCCCCCCCCCC		SM 16:1;O2/16:0	674.5363				733.54921			Msp20250929174203_NCDK_conventional_converted_dev	Msp20250929174203_NCDK_conventional_converted_dev	2.530979							0.0	110.0	109.0	102.0	1660.0	1582.0	1647.0
227										734.36735			Msp20250929174203_NCDK_conventional_converted_dev	Msp20250929174203_NCDK_conventional_converted_dev								327.0	418.0	398.0	415.0	988.0	1138.0	1041.0
228										738.34418			Msp20250929174203_NCDK_conventional_converted_dev	Msp20250929174203_NCDK_conventional_converted_dev								133499.0	140926.0	132755.0	139796.0	264487.0	259780.0	275564.0
229	Msp20250929174203_NCDK_conventional_converted_dev:Cer 18:0;O3/24:1(2OH)	C42H83NO5	O=C(NC(CO)C(O)C(O)CCCCCCCCCCCCCC)C(O)CCCCCCCCCCC=CCCCCCCCCCC		Cer 18:0;O3/24:1(2OH)	681.6271				740.63762			Msp20250929174203_NCDK_conventional_converted_dev	Msp20250929174203_NCDK_conventional_converted_dev	2.47588							6.0	1490.0	1544.0	1468.0	3.0	12.0	12.0
230	Msp20250929174203_NCDK_conventional_converted_dev:RIKEN N-VS1 ID-5037 from Mouse_Ear_fads2KO_N_Ctr				no MS2: RIKEN N-VS1 ID-5037 from Mouse_Ear_fads2KO_N_Ctr					740.63944			Msp20250929174203_NCDK_conventional_converted_dev	Msp20250929174203_NCDK_conventional_converted_dev	-0.1291503							3.0	7579.0	7780.0	8806.0	0.0	2.0	2.0
231	Msp20250929174203_NCDK_conventional_converted_dev:PE 18:0_18:2	C41H78NO8P	O=C(OCC(OC(=O)CCCCCCCC=CCC=CCCCCC)COP(=O)(O)OCCN)CCCCCCCCCCCCCCCCC		PE 18:0_18:2	743.5465				742.53736			Msp20250929174203_NCDK_conventional_converted_dev	Msp20250929174203_NCDK_conventional_converted_dev	2.529848							2.0	94.0	90.0	86.0	1015.0	1055.0	1097.0
232	Msp20250929174203_NCDK_conventional_converted_dev:Cer 18:0;O3/24:0(2OH)	C42H85NO5	O=C(NC(CO)C(O)C(O)CCCCCCCCCCCCCC)C(O)CCCCCCCCCCCCCCCCCCCCCC		Cer 18:0;O3/24:0(2OH)	683.6428				742.65457			Msp20250929174203_NCDK_conventional_converted_dev	Msp20250929174203_NCDK_conventional_converted_dev	2.457865							10.0	4558.0	4513.0	4824.0	17.0	12.0	17.0
233	Msp20250929174203_NCDK_conventional_converted_dev:PE O-10:0_28:7	C43H74NO7P	O=C(OC(COCCCCCCCCCC)COP(=O)(O)OCCN)CCCCCC=CCC=CCC=CCC=CCC=CCC=CCC=CCC		PE O-10:0_28:7	747.5203				746.50987			Msp20250929174203_NCDK_conventional_converted_dev	Msp20250929174203_NCDK_conventional_converted_dev	-0.1429117							0.0	56.0	63.0	68.0	1117.0	1016.0	1022.0
234	Msp20250929174203_NCDK_conventional_converted_dev:PG 16:0_18:1	C40H77O10P	O=C(OCC(OC(=O)CCCCCCCC=CCCCCCCCC)COP(=O)(O)OCC(O)CO)CCCCCCCCCCCCCCC		PG 16:0_18:1	748.5254				747.5167			Msp20250929174203_NCDK_conventional_converted_dev	Msp20250929174203_NCDK_conventional_converted_dev	2.513241							0.0	1728.0	1581.0	1734.0	12.0	12.0	7.0
235	Msp20250929174203_NCDK_conventional_converted_dev:PS 9:0_20:4;O4	C35H60NO14P	O=C(O)C(N)COP(=O)(O)OCC(OC(=O)CCC(O)CC(O)C(O)C=CCC=CCC=CCC=CCCO)COC(=O)CCCCCCCC		PS 9:0_20:4;O4	749.3751				748.38481			Msp20250929174203_NCDK_conventional_converted_dev	Msp20250929174203_NCDK_conventional_converted_dev	0.3072683							2386.0	2217.0	2191.0	2232.0	7615.0	7316.0	7030.0
236	Msp20250929174203_NCDK_conventional_converted_dev:PE O-16:1_22:4	C43H78NO7P	O=C(OC(COCCCCCCCCC=CCCCCCC)COP(=O)(O)OCCN)CCCCCCCCC=CCC=CCC=CCC=CCC		PE O-16:1_22:4	751.5516				750.54323			Msp20250929174203_NCDK_conventional_converted_dev	Msp20250929174203_NCDK_conventional_converted_dev	2.527964							3.0	122.0	88.0	91.0	3299.0	3213.0	3276.0
237										752.3592			Msp20250929174203_NCDK_conventional_converted_dev	Msp20250929174203_NCDK_conventional_converted_dev								10282.0	11469.0	12615.0	10727.0	10293.0	12221.0	13089.0
238										754.3376			Msp20250929174203_NCDK_conventional_converted_dev	Msp20250929174203_NCDK_conventional_converted_dev								1794.0	1740.0	1689.0	1704.0	2746.0	2491.0	2606.0
239	Msp20250929174203_NCDK_conventional_converted_dev:Cer 18:0;O3/26:0	C44H89NO4	O=C(NC(CO)C(O)C(O)CCCCCCCCCCCCCC)CCCCCCCCCCCCCCCCCCCCCCCCC		Cer 18:0;O3/26:0	695.6792				754.69034			Msp20250929174203_NCDK_conventional_converted_dev	Msp20250929174203_NCDK_conventional_converted_dev	2.446626							12.0	1550.0	1496.0	1477.0	18.0	18.0	11.0
240	Msp20250929174203_NCDK_conventional_converted_dev:Cer 18:0;O3/25:0(2OH)	C43H87NO5	O=C(NC(CO)C(O)C(O)CCCCCCCCCCCCCC)C(O)CCCCCCCCCCCCCCCCCCCCCCC		Cer 18:0;O3/25:0(2OH)	697.6584				756.66943			Msp20250929174203_NCDK_conventional_converted_dev	Msp20250929174203_NCDK_conventional_converted_dev	2.470485							4.0	1188.0	1179.0	1199.0	5.0	6.0	5.0
241	Msp20250929174203_NCDK_conventional_converted_dev:RIKEN N-VS1 ID-5300 from Mouse_Feces_WT_N_Ctr				RIKEN N-VS1 ID-5300 from Mouse_Feces_WT_N_Ctr					757.61603			Msp20250929174203_NCDK_conventional_converted_dev	Msp20250929174203_NCDK_conventional_converted_dev	1.519454							0.0	2088.0	1886.0	2034.0	0.0	0.0	0.0
242	Msp20250929174203_NCDK_conventional_converted_dev:SM 18:2;O2/16:0	C39H77N2O6P	O=C(NC(COP(=O)([O-])OCC[N+](C)(C)C)C(O)C=CCCC=CCCCCCCCCC)CCCCCCCCCCCCCCC		SM 18:2;O2/16:0	700.5519				759.56438			Msp20250929174203_NCDK_conventional_converted_dev	Msp20250929174203_NCDK_conventional_converted_dev	2.497061							0.0	21.0	24.0	22.0	2942.0	3032.0	3056.0
243	Msp20250929174203_NCDK_conventional_converted_dev:SM 18:1;O2/16:0	C39H79N2O6P	O=C(NC(COP(=O)([O-])OCC[N+](C)(C)C)C(O)C=CCCCCCCCCCCCCC)CCCCCCCCCCCCCCC		SM 18:1;O2/16:0	702.5676				761.57905			Msp20250929174203_NCDK_conventional_converted_dev	Msp20250929174203_NCDK_conventional_converted_dev	2.495478							3.0	1098.0	1079.0	1132.0	27607.0	28619.0	27256.0
244	Msp20250929174203_NCDK_conventional_converted_dev:SHexCer 33:8;O3	C39H61NO12S	O=C(NC(COC1OC(CO)C(O)C(OS(=O)(=O)O)C1O)C(O)C=CCCC=CCCC=CCC)C(O)C=CCC=CCC=CCC=CCC=CCC		low score: SHexCer 33:8;O3	767.3914				766.37489			Msp20250929174203_NCDK_conventional_converted_dev	Msp20250929174203_NCDK_conventional_converted_dev	1.081926							125372.0	143494.0	140805.0	144499.0	153404.0	151886.0	171374.0
245	Msp20250929174203_NCDK_conventional_converted_dev:PE 18:0_20:4	C43H78NO8P	O=C(OCC(OC(=O)CCCCCCC=CCC=CCC=CCC=CCC)COP(=O)(O)OCCN)CCCCCCCCCCCCCCCCC		PE 18:0_20:4	767.5465				766.53593			Msp20250929174203_NCDK_conventional_converted_dev	Msp20250929174203_NCDK_conventional_converted_dev	2.515507							2.0	59.0	46.0	48.0	1387.0	1511.0	1384.0
246	Msp20250929174203_NCDK_conventional_converted_dev:Cer 12:1;O3/32:0(2OH)	C44H87NO5	O=C(NC(CO)C(O)C(O)CCCC=CCCC)C(O)CCCCCCCCCCCCCCCCCCCCCCCCCCCCCC		Cer 12:1;O3/32:0(2OH)	709.6584				768.66779			Msp20250929174203_NCDK_conventional_converted_dev	Msp20250929174203_NCDK_conventional_converted_dev	-0.1505783							0.0	1131.0	1178.0	1099.0	3.0	3.0	2.0
247	Msp20250929174203_NCDK_conventional_converted_dev:HexCer 16:0;O2/23:0	C45H89NO8	O=C(NC(COC1OC(CO)C(O)C(O)C1O)C(O)CCCCCCCCCCCCC)CCCCCCCCCCCCCCCCCCCCCC		HexCer 16:0;O2/23:0	771.6588				770.65094			Msp20250929174203_NCDK_conventional_converted_dev	Msp20250929174203_NCDK_conventional_converted_dev	-0.1431745							0.0	946.0	912.0	1137.0	0.0	0.0	0.0
248	Msp20250929174203_NCDK_conventional_converted_dev:Cer 18:0;O3/26:0(2OH)	C44H89NO5	O=C(NC(CO)C(O)C(O)CCCCCCCCCCCCCC)C(O)CCCCCCCCCCCCCCCCCCCCCCCC		Cer 18:0;O3/26:0(2OH)	711.6741				770.68412			Msp20250929174203_NCDK_conventional_converted_dev	Msp20250929174203_NCDK_conventional_converted_dev	2.45834							3.0	1300.0	1401.0	1392.0	14.0	7.0	4.0
249	Msp20250929174203_NCDK_conventional_converted_dev:PE O-12:0_28:7	C45H78NO7P	O=C(OC(COCCCCCCCCCCCC)COP(=O)(O)OCCN)CCCCCC=CCC=CCC=CCC=CCC=CCC=CCC=CCC		PE O-12:0_28:7	775.5516				774.54343			Msp20250929174203_NCDK_conventional_converted_dev	Msp20250929174203_NCDK_conventional_converted_dev	-0.1436661							2.0	101.0	91.0	105.0	1204.0	1065.0	1113.0
250										776.41519			Msp20250929174203_NCDK_conventional_converted_dev	Msp20250929174203_NCDK_conventional_converted_dev								1817.0	1752.0	1716.0	1701.0	3984.0	3879.0	4308.0
251	Msp20250929174203_NCDK_conventional_converted_dev:HexCer 17:0;O2/17:0;O	C40H79NO9	O=C(NC(COC1OC(CO)C(O)C(O)C1O)C(O)CCCCCCCCCCCCCC)C(O)CCCCCCCCCCCCCCC		HexCer 17:0;O2/17:0;O	717.5755				776.58715			Msp20250929174203_NCDK_conventional_converted_dev	Msp20250929174203_NCDK_conventional_converted_dev	1.768714							0.0	1527.0	1518.0	1495.0	13.0	18.0	20.0
252	Msp20250929174203_NCDK_conventional_converted_dev:Cer 34:0;O3(FA 15:0)	C49H97NO5	O=C(OCCCCCCCCCCCCCCCC(=O)NC(CO)C(O)CCCCCCCCCCCCCCC)CCCCCCCCCCCCCC		Cer 34:0;O3(FA 15:0)	779.7367				778.7275			Msp20250929174203_NCDK_conventional_converted_dev	Msp20250929174203_NCDK_conventional_converted_dev	2.39873							2.0	2967.0	2881.0	3305.0	4.0	2.0	2.0
253	Msp20250929174203_NCDK_conventional_converted_dev:SHexCer 34:8;O3	C40H63NO12S	O=C(NC(COC1OC(CO)C(O)C(OS(=O)(=O)O)C1O)C(O)C=CCCC=CCCC)C(O)CC=CCC=CCC=CCC=CCC=CCC=CCC		low score: SHexCer 34:8;O3	781.4071				780.3893			Msp20250929174203_NCDK_conventional_converted_dev	Msp20250929174203_NCDK_conventional_converted_dev	0.4285097							7283.0	12201.0	11994.0	10418.0	1855.0	2466.0	3324.0
254										782.36937			Msp20250929174203_NCDK_conventional_converted_dev	Msp20250929174203_NCDK_conventional_converted_dev								2128.0	2128.0	2237.0	2377.0	2830.0	2829.0	2952.0
255	Msp20250929174203_NCDK_conventional_converted_dev:HexCer 19:0;O2/21:0	C46H91NO8	O=C(NC(COC1OC(CO)C(O)C(O)C1O)C(O)CCCCCCCCCCCCCCCC)CCCCCCCCCCCCCCCCCCCC		HexCer 19:0;O2/21:0	785.6745				784.66602			Msp20250929174203_NCDK_conventional_converted_dev	Msp20250929174203_NCDK_conventional_converted_dev	1.034973							2.0	1058.0	1057.0	1096.0	3.0	2.0	2.0
256	Msp20250929174203_NCDK_conventional_converted_dev:SM 22:0;O2/14:2	C41H81N2O6P	O=C(NC(COP(=O)([O-])OCC[N+](C)(C)C)C(O)CCCCCCCCCCCCCCCCCCC)CCC=CCCCC=CCCCC		SM 22:0;O2/14:2	728.5832				787.59441			Msp20250929174203_NCDK_conventional_converted_dev	Msp20250929174203_NCDK_conventional_converted_dev	2.500503							0.0	25.0	31.0	29.0	1948.0	2054.0	1974.0
257	Msp20250929174203_NCDK_conventional_converted_dev:SM 18:1;O2/18:0	C41H83N2O6P	O=C(NC(COP(=O)([O-])OCC[N+](C)(C)C)C(O)C=CCCCCCCCCCCCCC)CCCCCCCCCCCCCCCCC		SM 18:1;O2/18:0	730.5989				789.61013			Msp20250929174203_NCDK_conventional_converted_dev	Msp20250929174203_NCDK_conventional_converted_dev	2.506195							3.0	30.0	26.0	27.0	3850.0	3898.0	3822.0
258	Msp20250929174203_NCDK_conventional_converted_dev:PC 16:0_16:1	C40H78NO8P	O=C(OCC(OC(=O)CCCCCCCC=CCCCCCC)COP(=O)([O-])OCC[N+](C)(C)C)CCCCCCCCCCCCCCC		PC 16:0_16:1	731.5465				790.55805			Msp20250929174203_NCDK_conventional_converted_dev	Msp20250929174203_NCDK_conventional_converted_dev	2.509548							3.0	72.0	68.0	89.0	2555.0	2786.0	2756.0
259	Msp20250929174203_NCDK_conventional_converted_dev:PC 16:0_16:0	C40H80NO8P	O=C(OCC(OC(=O)CCCCCCCCCCCCCCC)COP(=O)([O-])OCC[N+](C)(C)C)CCCCCCCCCCCCCCC		PC 16:0_16:0	733.5622				792.57409			Msp20250929174203_NCDK_conventional_converted_dev	Msp20250929174203_NCDK_conventional_converted_dev	2.490267							0.0	128.0	140.0	139.0	3251.0	3383.0	3118.0
260	Msp20250929174203_NCDK_conventional_converted_dev:Cer 35:0;O3(FA 15:0)	C50H99NO5	O=C(OCCCCCCCCCCCCCCCCC(=O)NC(CO)C(O)CCCCCCCCCCCCCCC)CCCCCCCCCCCCCC		Cer 35:0;O3(FA 15:0)	793.7523				792.74255			Msp20250929174203_NCDK_conventional_converted_dev	Msp20250929174203_NCDK_conventional_converted_dev	2.39963							3.0	1807.0	1774.0	2114.0	3.0	2.0	2.0
261	Msp20250929174203_NCDK_conventional_converted_dev:SHexCer 35:8;O3	C41H65NO12S	O=C(NC(COC1OC(CO)C(O)C(OS(=O)(=O)O)C1O)C(O)C=CCCC=CCCCC)C(O)CC=CCC=CCC=CCC=CCC=CCC=CCC		low score: SHexCer 35:8;O3	795.4227				794.40465			Msp20250929174203_NCDK_conventional_converted_dev	Msp20250929174203_NCDK_conventional_converted_dev	1.477163							78792.0	120947.0	124684.0	109118.0	19267.0	22892.0	30676.0
262	Msp20250929174203_NCDK_conventional_converted_dev:SHexCer 34:0;O3	C40H79NO12S	O=C(NC(COC1OC(CO)C(O)C(OS(=O)(=O)O)C1O)C(O)CCCCCCCCC)C(O)CCCCCCCCCCCCCCCCCCCC		SHexCer 34:0;O3	797.5323				796.53352			Msp20250929174203_NCDK_conventional_converted_dev	Msp20250929174203_NCDK_conventional_converted_dev	1.734301							0.0	3712.0	3629.0	3788.0	6.0	0.0	0.0
263										799.00883			Msp20250929174203_NCDK_conventional_converted_dev	Msp20250929174203_NCDK_conventional_converted_dev								936.0	826.0	822.0	806.0	4221.0	4140.0	3945.0
264	Msp20250929174203_NCDK_conventional_converted_dev:MGDG O-18:2_16:0	C43H80O9	O=C(OC(COCCCCCCCCC=CCC=CCCCCC)COC1OC(CO)C(O)C(O)C1O)CCCCCCCCCCCCCCC		MGDG O-18:2_16:0	740.5802				799.59232			Msp20250929174203_NCDK_conventional_converted_dev	Msp20250929174203_NCDK_conventional_converted_dev	2.452781							0.0	1607.0	1508.0	1649.0	2.0	0.0	4.0
265	Msp20250929174203_NCDK_conventional_converted_dev:RIKEN N-VS1 ID-6027 from Mouse_AdrenalGlands_WT_N_Ctr				no MS2: RIKEN N-VS1 ID-6027 from Mouse_AdrenalGlands_WT_N_Ctr					800.58007			Msp20250929174203_NCDK_conventional_converted_dev	Msp20250929174203_NCDK_conventional_converted_dev	-0.1338067							0.0	20.0	15.0	12.0	1790.0	1566.0	1584.0
266	Msp20250929174203_NCDK_conventional_converted_dev:SHexCer 37:9;O2	C43H67NO11S	O=C(NC(COC1OC(CO)C(O)C(OS(=O)(=O)O)C1O)C(O)C=CCCC=CCCC=CCC)CCC=CCC=CCC=CCC=CCC=CCC=CCC		low score: SHexCer 37:9;O2	805.4435				804.44695			Msp20250929174203_NCDK_conventional_converted_dev	Msp20250929174203_NCDK_conventional_converted_dev	0.4151554							1068.0	1094.0	1074.0	900.0	1187.0	1194.0	1493.0
267	Msp20250929174203_NCDK_conventional_converted_dev:RIKEN N-VS1 ID-6173 from Mouse_Feces_WT_N_Ctr				RIKEN N-VS1 ID-6173 from Mouse_Feces_WT_N_Ctr					807.72062			Msp20250929174203_NCDK_conventional_converted_dev	Msp20250929174203_NCDK_conventional_converted_dev	1.652282							2.0	1445.0	1357.0	1388.0	0.0	0.0	0.0
268	Msp20250929174203_NCDK_conventional_converted_dev:GD2 32:1;O2	C74H130N4O34	O=C(O)C1(OC(CO)C(O)C2OC(OC3C(O)C(OC(CO)C3OC4OC(CO)C(O)C(O)C4NC(=O)C)OC5C(O)C(O)C(OCC(NC(=O)CCCCCCCCCCCCCCC)C(O)C=CCCCCCCCCCCC)OC5CO)(C(=O)O)CC(O)C2NC(=O)C)OC(C(O)C(O)CO)C(NC(=O)C)C(O)C1		low score: GD2 32:1;O2	1618.8566				808.42104			Msp20250929174203_NCDK_conventional_converted_dev	Msp20250929174203_NCDK_conventional_converted_dev	0.4999996							2824.0	9804.0	9951.0	7544.0	310.0	504.0	473.0
269										810.40138			Msp20250929174203_NCDK_conventional_converted_dev	Msp20250929174203_NCDK_conventional_converted_dev								1951.0	2280.0	2240.0	2421.0	2257.0	2118.0	2460.0
270	Msp20250929174203_NCDK_conventional_converted_dev:SHexCer 35:0;O3	C41H81NO12S	O=C(NC(COC1OC(CO)C(O)C(OS(=O)(=O)O)C1O)C(O)CCCCCCCCC)C(O)CCCCCCCCCCCCCCCCCCCCC		SHexCer 35:0;O3	811.5479				810.54664			Msp20250929174203_NCDK_conventional_converted_dev	Msp20250929174203_NCDK_conventional_converted_dev	1.745203							0.0	2915.0	2981.0	2937.0	0.0	0.0	2.0
271	Msp20250929174203_NCDK_conventional_converted_dev:PC 16:1_18:2	C42H78NO8P	O=C(OCC(OC(=O)CCCCCCCC=CCC=CCCCCC)COP(=O)([O-])OCC[N+](C)(C)C)CCCCCCCC=CCCCCCC		PC 16:1_18:2	755.5465				814.55883			Msp20250929174203_NCDK_conventional_converted_dev	Msp20250929174203_NCDK_conventional_converted_dev	2.542281							22.0	42.0	53.0	71.0	1624.0	1599.0	1567.0
272	Msp20250929174203_NCDK_conventional_converted_dev:PC 16:0_18:2	C42H80NO8P	O=C(OCC(OC(=O)CCCCCCCC=CCC=CCCCCC)COP(=O)([O-])OCC[N+](C)(C)C)CCCCCCCCCCCCCCC		PC 16:0_18:2	757.5622				816.57347			Msp20250929174203_NCDK_conventional_converted_dev	Msp20250929174203_NCDK_conventional_converted_dev	2.514088							18.0	451.0	406.0	466.0	47063.0	50248.0	49723.0
273	Msp20250929174203_NCDK_conventional_converted_dev:SM 23:0;O2/15:1	C43H87N2O6P	O=C(NC(COP(=O)([O-])OCC[N+](C)(C)C)C(O)CCCCCCCCCCCCCCCCCCCC)CCCCCCCC=CCCCCC		SM 23:0;O2/15:1	758.6302				817.6406			Msp20250929174203_NCDK_conventional_converted_dev	Msp20250929174203_NCDK_conventional_converted_dev	2.519541							0.0	24.0	26.0	26.0	2608.0	2769.0	2719.0
274	Msp20250929174203_NCDK_conventional_converted_dev:PC 16:0_18:1	C42H82NO8P	O=C(OCC(OC(=O)CCCCCCCC=CCCCCCCCC)COP(=O)([O-])OCC[N+](C)(C)C)CCCCCCCCCCCCCCC		PC 16:0_18:1	759.5778				818.58931			Msp20250929174203_NCDK_conventional_converted_dev	Msp20250929174203_NCDK_conventional_converted_dev	2.518113							0.0	261.0	274.0	281.0	31118.0	33355.0	31150.0
275	Msp20250929174203_NCDK_conventional_converted_dev:SHexCer 37:8;O3	C43H69NO12S	O=C(NC(COC1OC(CO)C(O)C(OS(=O)(=O)O)C1O)C(O)C=CCCC=CCCCC)C(O)CCCC=CCC=CCC=CCC=CCC=CCC=CCC		low score: SHexCer 37:8;O3	823.454				822.43733			Msp20250929174203_NCDK_conventional_converted_dev	Msp20250929174203_NCDK_conventional_converted_dev	1.513074							20638.0	65756.0	69056.0	53933.0	2007.0	3541.0	3269.0
276	Msp20250929174203_NCDK_conventional_converted_dev:PC O-16:1_20:4	C44H80NO7P	O=C(OC(COCCCCCCCCC=CCCCCCC)COP(=O)([O-])OCC[N+](C)(C)C)CCCCCCC=CCC=CCC=CCC=CCC		PC O-16:1_20:4	765.5672				824.57913			Msp20250929174203_NCDK_conventional_converted_dev	Msp20250929174203_NCDK_conventional_converted_dev	2.517211							0.0	20.0	27.0	29.0	2162.0	2115.0	2235.0
277	Msp20250929174203_NCDK_conventional_converted_dev:PC 17:0_18:2	C43H82NO8P	O=C(OCC(OC(=O)CCCCCCCC=CCC=CCCCCC)COP(=O)([O-])OCC[N+](C)(C)C)CCCCCCCCCCCCCCCC		PC 17:0_18:2	771.5778				830.58988			Msp20250929174203_NCDK_conventional_converted_dev	Msp20250929174203_NCDK_conventional_converted_dev	1.860822							0.0	78.0	19.0	27.0	1760.0	1654.0	1566.0
278	Msp20250929174203_NCDK_conventional_converted_dev:GD2 36:1;O2	C78H138N4O34	O=C(O)C1(OC(CO)C(O)C2OC(OC3C(O)C(OC(CO)C3OC4OC(CO)C(O)C(O)C4NC(=O)C)OC5C(O)C(O)C(OCC(NC(=O)CCCCCCCCCCCCCCCCCCC)C(O)C=CCCCCCCCCCCC)OC5CO)(C(=O)O)CC(O)C2NC(=O)C)OC(C(O)C(O)CO)C(NC(=O)C)C(O)C1		low score: GD2 36:1;O2	1674.9192				836.4515			Msp20250929174203_NCDK_conventional_converted_dev	Msp20250929174203_NCDK_conventional_converted_dev	0.4999957							344.0	6627.0	6723.0	5292.0	90.0	201.0	119.0
279										838.42976			Msp20250929174203_NCDK_conventional_converted_dev	Msp20250929174203_NCDK_conventional_converted_dev								1689.0	2075.0	2260.0	2134.0	591.0	657.0	833.0
280	Msp20250929174203_NCDK_conventional_converted_dev:PC 16:1_20:4	C44H78NO8P	O=C(OCC(OC(=O)CCCCCCC=CCC=CCC=CCC=CCC)COP(=O)([O-])OCC[N+](C)(C)C)CCCCCCCC=CCCCCCC		PC 16:1_20:4	779.5465				838.55693			Msp20250929174203_NCDK_conventional_converted_dev	Msp20250929174203_NCDK_conventional_converted_dev	2.545203							2.0	182.0	178.0	172.0	2276.0	2460.0	2407.0
281	Msp20250929174203_NCDK_conventional_converted_dev:Cer 17:0;O2/17:0(3OH)(FA 15:0)	C49H97NO5	O=C(OC(CC(=O)NC(CO)C(O)CCCCCCCCCCCCCC)CCCCCCCCCCCCCC)CCCCCCCCCCCCCC		Cer 17:0;O2/17:0(3OH)(FA 15:0)	779.7367				838.74863			Msp20250929174203_NCDK_conventional_converted_dev	Msp20250929174203_NCDK_conventional_converted_dev	2.46747							5.0	4018.0	3851.0	4280.0	3.0	2.0	0.0
282	Msp20250929174203_NCDK_conventional_converted_dev:PC 16:0_20:4	C44H80NO8P	O=C(OCC(OC(=O)CCCCCCC=CCC=CCC=CCC=CCC)COP(=O)([O-])OCC[N+](C)(C)C)CCCCCCCCCCCCCCC		PC 16:0_20:4	781.5622				840.57353			Msp20250929174203_NCDK_conventional_converted_dev	Msp20250929174203_NCDK_conventional_converted_dev	2.521533							2.0	61.0	54.0	63.0	18468.0	19314.0	18561.0
283	Msp20250929174203_NCDK_conventional_converted_dev:PC 16:0_20:3	C44H82NO8P	O=C(OCC(OC(=O)CCCCCCCCCC=CCC=CCC=CCC)COP(=O)([O-])OCC[N+](C)(C)C)CCCCCCCCCCCCCCC		PC 16:0_20:3	783.5778				842.58939			Msp20250929174203_NCDK_conventional_converted_dev	Msp20250929174203_NCDK_conventional_converted_dev	2.486739							0.0	222.0	218.0	225.0	21024.0	21381.0	20771.0
284	Msp20250929174203_NCDK_conventional_converted_dev:SM 22:2;O2/18:0	C45H89N2O6P	O=C(NC(COP(=O)([O-])OCC[N+](C)(C)C)C(O)C=CCCC=CCCCCCCCCCCCCC)CCCCCCCCCCCCCCCCC		SM 22:2;O2/18:0	784.6458				843.65766			Msp20250929174203_NCDK_conventional_converted_dev	Msp20250929174203_NCDK_conventional_converted_dev	2.480651							0.0	129.0	95.0	107.0	5927.0	5129.0	5454.0
285	Msp20250929174203_NCDK_conventional_converted_dev:PC 18:0_18:2	C44H84NO8P	O=C(OCC(OC(=O)CCCCCCCC=CCC=CCCCCC)COP(=O)([O-])OCC[N+](C)(C)C)CCCCCCCCCCCCCCCCC		PC 18:0_18:2	785.5935				844.60503			Msp20250929174203_NCDK_conventional_converted_dev	Msp20250929174203_NCDK_conventional_converted_dev	2.513724							2.0	164.0	165.0	166.0	28711.0	30103.0	29607.0
286	Msp20250929174203_NCDK_conventional_converted_dev:SM 22:0;O2/18:1	C45H91N2O6P	O=C(NC(COP(=O)([O-])OCC[N+](C)(C)C)C(O)CCCCCCCCCCCCCCCCCCC)CCCCCCCC=CCCCCCCCC		SM 22:0;O2/18:1	786.6615				845.67351			Msp20250929174203_NCDK_conventional_converted_dev	Msp20250929174203_NCDK_conventional_converted_dev	2.501945							0.0	89.0	99.0	83.0	5793.0	5930.0	5946.0
287	Msp20250929174203_NCDK_conventional_converted_dev:PC 18:0_18:1	C44H86NO8P	O=C(OCC(OC(=O)CCCCCCCC=CCCCCCCCC)COP(=O)([O-])OCC[N+](C)(C)C)CCCCCCCCCCCCCCCCC		PC 18:0_18:1	787.6091				846.61931			Msp20250929174203_NCDK_conventional_converted_dev	Msp20250929174203_NCDK_conventional_converted_dev	2.501634							0.0	189.0	190.0	199.0	9143.0	9265.0	8557.0
288	Msp20250929174203_NCDK_conventional_converted_dev:GD2 38:1;O2	C80H142N4O34	O=C(O)C1(OC(CO)C(O)C2OC(OC3C(O)C(OC(CO)C3OC4OC(CO)C(O)C(O)C4NC(=O)C)OC5C(O)C(O)C(OCC(NC(=O)CCCCCCCCCCCCCCCCCCCCC)C(O)C=CCCCCCCCCCCC)OC5CO)(C(=O)O)CC(O)C2NC(=O)C)OC(C(O)C(O)CO)C(NC(=O)C)C(O)C1		low score: GD2 38:1;O2	1702.9505				850.46704			Msp20250929174203_NCDK_conventional_converted_dev	Msp20250929174203_NCDK_conventional_converted_dev	0.4999492							2185.0	30790.0	31719.0	27321.0	428.0	976.0	543.0
289	Msp20250929174203_NCDK_conventional_converted_dev:PC O-18:1_20:4	C46H84NO7P	O=C(OC(COCCCCCCCCC=CCCCCCCCC)COP(=O)([O-])OCC[N+](C)(C)C)CCCCCCC=CCC=CCC=CCC=CCC		PC O-18:1_20:4	793.5985				852.60865			Msp20250929174203_NCDK_conventional_converted_dev	Msp20250929174203_NCDK_conventional_converted_dev	2.524708							0.0	12.0	8.0	9.0	1240.0	1273.0	1271.0
290	Msp20250929174203_NCDK_conventional_converted_dev:Cer 18:0;O2/17:0(3OH)(FA 15:0)	C50H99NO5	O=C(OC(CC(=O)NC(CO)C(O)CCCCCCCCCCCCCCC)CCCCCCCCCCCCCC)CCCCCCCCCCCCCC		Cer 18:0;O2/17:0(3OH)(FA 15:0)	793.7523				852.76368			Msp20250929174203_NCDK_conventional_converted_dev	Msp20250929174203_NCDK_conventional_converted_dev	2.47113							5.0	2649.0	2732.0	3032.0	2.0	2.0	3.0
291	Msp20250929174203_NCDK_conventional_converted_dev:RIKEN N-VS1 ID-6921 from Mouse_Feces_WT_N_Ctr				no MS2: RIKEN N-VS1 ID-6921 from Mouse_Feces_WT_N_Ctr					854.6229			Msp20250929174203_NCDK_conventional_converted_dev	Msp20250929174203_NCDK_conventional_converted_dev	-0.1286192							0.0	19.0	16.0	9.0	1987.0	1903.0	1726.0
292	Msp20250929174203_NCDK_conventional_converted_dev:SM 26:2;O2/15:0	C46H91N2O6P	O=C(NC(COP(=O)([O-])OCC[N+](C)(C)C)C(O)C=CCCC=CCCCCCCCCCCCCCCCCC)CCCCCCCCCCCCCC		SM 26:2;O2/15:0	798.6615				857.67198			Msp20250929174203_NCDK_conventional_converted_dev	Msp20250929174203_NCDK_conventional_converted_dev	2.52324							0.0	18.0	18.0	4.0	1301.0	1366.0	1331.0
293	Msp20250929174203_NCDK_conventional_converted_dev:SM 18:1;O2/23:0	C46H93N2O6P	O=C(NC(COP(=O)([O-])OCC[N+](C)(C)C)C(O)C=CCCCCCCCCCCCCC)CCCCCCCCCCCCCCCCCCCCCC		SM 18:1;O2/23:0	800.6771				859.68705			Msp20250929174203_NCDK_conventional_converted_dev	Msp20250929174203_NCDK_conventional_converted_dev	2.493517							0.0	46.0	67.0	49.0	2474.0	2691.0	2541.0
294	Msp20250929174203_NCDK_conventional_converted_dev:PI 18:0_18:2	C45H83O13P	O=C(OCC(OC(=O)CCCCCCCC=CCC=CCCCCC)COP(=O)(O)OC1C(O)C(O)C(O)C(O)C1O)CCCCCCCCCCCCCCCCC		PI 18:0_18:2	862.5571				861.54789			Msp20250929174203_NCDK_conventional_converted_dev	Msp20250929174203_NCDK_conventional_converted_dev	2.49987							0.0	102.0	116.0	114.0	1579.0	1656.0	1564.0
295	Msp20250929174203_NCDK_conventional_converted_dev:GD2 40:1;O2	C82H146N4O34	O=C(O)C1(OC(CO)C(O)C2OC(OC3C(O)C(OC(CO)C3OC4OC(CO)C(O)C(O)C4NC(=O)C)OC5C(O)C(O)C(OCC(NC(=O)CCCCCCCCCCCCCCCCCCCCCCC)C(O)C=CCCCCCCCCCCC)OC5CO)(C(=O)O)CC(O)C2NC(=O)C)OC(C(O)C(O)CO)C(NC(=O)C)C(O)C1		low score: GD2 40:1;O2	1730.9818				864.48266			Msp20250929174203_NCDK_conventional_converted_dev	Msp20250929174203_NCDK_conventional_converted_dev	0.4998465							68.0	2778.0	2869.0	2140.0	44.0	130.0	63.0
296	Msp20250929174203_NCDK_conventional_converted_dev:PC 16:0_22:6	C46H80NO8P	O=C(OCC(OC(=O)CCC=CCC=CCC=CCC=CCC=CCC=CCC)COP(=O)([O-])OCC[N+](C)(C)C)CCCCCCCCCCCCCCC		PC 16:0_22:6	805.5622				864.57372			Msp20250929174203_NCDK_conventional_converted_dev	Msp20250929174203_NCDK_conventional_converted_dev	2.517036							0.0	92.0	105.0	100.0	2240.0	2386.0	2366.0
297	Msp20250929174203_NCDK_conventional_converted_dev:PS 16:2_22:6;O4	C44H70NO14P	O=C(O)C(N)COP(=O)(O)OCC(OC(=O)CCC(O)C=CC(O)C=CC=CC=CC(O)CC=CCC=CC(O)C)COC(=O)CCCCCCCC=CCC=CCCC		PS 16:2_22:6;O4	867.4534				866.463			Msp20250929174203_NCDK_conventional_converted_dev	Msp20250929174203_NCDK_conventional_converted_dev	0.3108801							805.0	1890.0	1904.0	1797.0	121.0	199.0	162.0
298	Msp20250929174203_NCDK_conventional_converted_dev:PC 18:1_20:4	C46H82NO8P	O=C(OCC(OC(=O)CCCCCCC=CCC=CCC=CCC=CCC)COP(=O)([O-])OCC[N+](C)(C)C)CCCCCCCC=CCCCCCCCC		PC 18:1_20:4	807.5778				866.589			Msp20250929174203_NCDK_conventional_converted_dev	Msp20250929174203_NCDK_conventional_converted_dev	2.487778							0.0	36.0	32.0	37.0	4930.0	5230.0	5139.0
299	Msp20250929174203_NCDK_conventional_converted_dev:PC 18:0_20:4	C46H84NO8P	O=C(OCC(OC(=O)CCCCCCC=CCC=CCC=CCC=CCC)COP(=O)([O-])OCC[N+](C)(C)C)CCCCCCCCCCCCCCCCC		PC 18:0_20:4	809.5935				868.60568			Msp20250929174203_NCDK_conventional_converted_dev	Msp20250929174203_NCDK_conventional_converted_dev	2.510566							0.0	29.0	30.0	29.0	14064.0	14243.0	14361.0
300	Msp20250929174203_NCDK_conventional_converted_dev:SM 24:1;O2/18:2	C47H91N2O6P	O=C(NC(COP(=O)([O-])OCC[N+](C)(C)C)C(O)C=CCCCCCCCCCCCCCCCCCCC)CCCCCCCC=CCC=CCCCCC		SM 24:1;O2/18:2	810.6615				869.67295			Msp20250929174203_NCDK_conventional_converted_dev	Msp20250929174203_NCDK_conventional_converted_dev	2.466354							0.0	124.0	103.0	124.0	5768.0	6123.0	5527.0
301	Msp20250929174203_NCDK_conventional_converted_dev:PC 18:0_20:3	C46H86NO8P	O=C(OCC(OC(=O)CCCCCCCCCC=CCC=CCC=CCC)COP(=O)([O-])OCC[N+](C)(C)C)CCCCCCCCCCCCCCCCC		PC 18:0_20:3	811.6091				870.62009			Msp20250929174203_NCDK_conventional_converted_dev	Msp20250929174203_NCDK_conventional_converted_dev	2.520161							0.0	25.0	30.0	26.0	6790.0	7477.0	7020.0
302	Msp20250929174203_NCDK_conventional_converted_dev:SM 23:1;O2/19:1	C47H93N2O6P	O=C(NC(COP(=O)([O-])OCC[N+](C)(C)C)C(O)C=CCCCCCCCCCCCCCCCCCC)CCCCCCCC=CCCCCCCCCC		SM 23:1;O2/19:1	812.6771				871.68847			Msp20250929174203_NCDK_conventional_converted_dev	Msp20250929174203_NCDK_conventional_converted_dev	2.4793							0.0	241.0	368.0	371.0	11741.0	11156.0	11484.0
303	Msp20250929174203_NCDK_conventional_converted_dev:SM 24:1;O2/18:0	C47H95N2O6P	O=C(NC(COP(=O)([O-])OCC[N+](C)(C)C)C(O)C=CCCCCCCCCCCCCCCCCCCC)CCCCCCCCCCCCCCCCC		SM 24:1;O2/18:0	814.6928				873.70407			Msp20250929174203_NCDK_conventional_converted_dev	Msp20250929174203_NCDK_conventional_converted_dev	2.496634							0.0	89.0	89.0	75.0	4307.0	4267.0	4359.0
304	Msp20250929174203_NCDK_conventional_converted_dev:GD2 42:1;O2	C84H150N4O34	O=C(O)C1(OC(CO)C(O)C2OC(OC3C(O)C(OC(CO)C3OC4OC(CO)C(O)C(O)C4NC(=O)C)OC5C(O)C(O)C(OCC(NC(=O)CCCCCCCCCCCCCCCCCCCCCCCCC)C(O)C=CCCCCCCCCCCC)OC5CO)(C(=O)O)CC(O)C2NC(=O)C)OC(C(O)C(O)CO)C(NC(=O)C)C(O)C1		low score: GD2 42:1;O2	1759.0131				878.49852			Msp20250929174203_NCDK_conventional_converted_dev	Msp20250929174203_NCDK_conventional_converted_dev	0.4997883							274.0	12684.0	12793.0	12083.0	146.0	418.0	175.0
305	Msp20250929174203_NCDK_conventional_converted_dev:PI 18:0_20:4	C47H83O13P	O=C(OCC(OC(=O)CCCCCCC=CCC=CCC=CCC=CCC)COP(=O)(O)OC1C(O)C(O)C(O)C(O)C1O)CCCCCCCCCCCCCCCCC		PI 18:0_20:4	886.5571				885.54741			Msp20250929174203_NCDK_conventional_converted_dev	Msp20250929174203_NCDK_conventional_converted_dev	2.480881							0.0	136.0	121.0	115.0	5750.0	5810.0	5620.0
306	Msp20250929174203_NCDK_conventional_converted_dev:BA 24:1;O4;T/27:0	C53H97NO7S	O=C(OC1CCC2(C)C(CCC3C4CCC(C(C)CCC(O)=NCCS(=O)(=O)O)C4(C)C(O)CC32)C1)CCCCCCCCCCCCCCCCCCCCCCCCCC		no MS2: BA 24:1;O4;T/27:0	891.6986				890.69212			Msp20250929174203_NCDK_conventional_converted_dev	Msp20250929174203_NCDK_conventional_converted_dev	-0.1434072							0.0	1745.0	1615.0	1780.0	16.0	33.0	22.0
307	Msp20250929174203_NCDK_conventional_converted_dev:PS 15:4_30:8	C51H76NO10P	O=C(OCC(OC(=O)CCCCC=CCC=CCC=CCC=CCC=CCC=CCC=CCC=CCC)COP(=O)(O)OCC(N)C(=O)O)CC=CCC=CCC=CCC=CCC		PS 15:4_30:8	893.5207				892.51398			Msp20250929174203_NCDK_conventional_converted_dev	Msp20250929174203_NCDK_conventional_converted_dev	0.4999979							38.0	1077.0	1047.0	823.0	22.0	70.0	30.0
308	Msp20250929174203_NCDK_conventional_converted_dev:PC 18:0_22:6	C48H84NO8P	O=C(OCC(OC(=O)CCC=CCC=CCC=CCC=CCC=CCC=CCC)COP(=O)([O-])OCC[N+](C)(C)C)CCCCCCCCCCCCCCCCC		PC 18:0_22:6	833.5935				892.60344			Msp20250929174203_NCDK_conventional_converted_dev	Msp20250929174203_NCDK_conventional_converted_dev	2.525624							0.0	26.0	25.0	22.0	2461.0	2541.0	2405.0
309	Msp20250929174203_NCDK_conventional_converted_dev:PS 22:6_22:6;O	C50H74NO11P	O=C(O)C(N)COP(=O)(O)OCC(OC(=O)CCC=CC=CC(O)CC=CCC=CCC=CCC=CCC)COC(=O)CCC=CCC=CCC=CCC=CCC=CCC=CCC		PS 22:6_22:6;O	895.4999				894.49464			Msp20250929174203_NCDK_conventional_converted_dev	Msp20250929174203_NCDK_conventional_converted_dev	0.8836191							128.0	1215.0	1232.0	1238.0	50.0	107.0	66.0
310	Msp20250929174203_NCDK_conventional_converted_dev:PC O-18:0_22:5;O	C48H88NO8P	O=C(OC(COCCCCCCCCCCCCCCCCCC)COP(=O)([O-])OCC[N+](C)(C)C)CCCCC(O)C=CCC=CCC=CCC=CCC=CCC		PC O-18:0_22:5;O	837.6248				896.63674			Msp20250929174203_NCDK_conventional_converted_dev	Msp20250929174203_NCDK_conventional_converted_dev	-0.1455707							3.0	5.0	6.0	9.0	1016.0	1106.0	940.0
311	Msp20250929174203_NCDK_conventional_converted_dev:HexCer 18:0;O3/24:0(2OH)	C48H95NO10	O=C(NC(COC1OC(CO)C(O)C(O)C1O)C(O)C(O)CCCCCCCCCCCCCC)C(O)CCCCCCCCCCCCCCCCCCCCCC		HexCer 18:0;O3/24:0(2OH)	845.6956				904.70787			Msp20250929174203_NCDK_conventional_converted_dev	Msp20250929174203_NCDK_conventional_converted_dev	2.47519							2.0	1283.0	1296.0	1316.0	21.0	17.0	15.0
312	Msp20250929174203_NCDK_conventional_converted_dev:SHexCer 43:8;O3	C49H81NO12S	O=C(NC(COC1OC(CO)C(O)C(OS(=O)(=O)O)C1O)C(O)C=CCCC=CCCCCCC)C(O)CCCCCCCC=CCC=CCC=CCC=CCC=CCC=CCC		low score: SHexCer 43:8;O3	907.5479				906.53189			Msp20250929174203_NCDK_conventional_converted_dev	Msp20250929174203_NCDK_conventional_converted_dev	1.573428							71.0	4602.0	4570.0	4634.0	81.0	290.0	90.0
313	Msp20250929174203_NCDK_conventional_converted_dev:RIKEN N-VS1 ID-7783 from Mouse_Feces_WT_N_Ctr				low score: RIKEN N-VS1 ID-7783 from Mouse_Feces_WT_N_Ctr					915.76394			Msp20250929174203_NCDK_conventional_converted_dev	Msp20250929174203_NCDK_conventional_converted_dev	0.4476653							2.0	26.0	19.0	30.0	1212.0	914.0	1034.0
314	Msp20250929174203_NCDK_conventional_converted_dev:PC 18:3_22:6;O3	C48H78NO11P	O=C(OCC(OC(=O)CC(O)C=CCC=CCC=CC=CC(O)CC=CCC=CC(O)C)COP(=O)([O-])OCC[N+](C)(C)C)CCCCCCCC=CCC=CCC=CCC		PC 18:3_22:6;O3	875.5312				934.56316			Msp20250929174203_NCDK_conventional_converted_dev	Msp20250929174203_NCDK_conventional_converted_dev	0.8757747							30.0	1756.0	1726.0	2057.0	36.0	130.0	53.0
315	Msp20250929174203_NCDK_conventional_converted_dev:HexCer 55:10;O4	C61H101NO10	O=C(OCCC=CCC=CCC=CCC=CCC=CCC=CCCCCC(=O)NC(COC1OC(CO)C(O)C(O)C1O)C(O)C=CCCC=CCCC=CCCC)CCCCCCCCCCCCCC		HexCer 55:10;O4	1007.7425				1006.73056			Msp20250929174203_NCDK_conventional_converted_dev	Msp20250929174203_NCDK_conventional_converted_dev	1.70232							8.0	3317.0	3177.0	3137.0	0.0	0.0	0.0
316	Msp20250929174203_NCDK_conventional_converted_dev:RIKEN N-VS1 ID-8506 from Mouse_Feces_WT_N_Ctr				RIKEN N-VS1 ID-8506 from Mouse_Feces_WT_N_Ctr					1020.74476			Msp20250929174203_NCDK_conventional_converted_dev	Msp20250929174203_NCDK_conventional_converted_dev	1.555869							37.0	9092.0	9149.0	8934.0	0.0	0.0	0.0
317	Msp20250929174203_NCDK_conventional_converted_dev:RIKEN N-VS1 ID-8545 from Mouse_Feces_WT_N_Ctr				RIKEN N-VS1 ID-8545 from Mouse_Feces_WT_N_Ctr					1034.76247			Msp20250929174203_NCDK_conventional_converted_dev	Msp20250929174203_NCDK_conventional_converted_dev	1.554975							25.0	4568.0	4621.0	4642.0	0.0	0.0	0.0
318	Msp20250929174203_NCDK_conventional_converted_dev:PS 32:3_38:10	C76H124NO10P	O=C(OCC(OC(=O)CCCCCCC=CCC=CCC=CCC=CCC=CCC=CCC=CCC=CCC=CCC=CCC)COP(=O)(O)OCC(N)C(=O)O)CCCCCCCCCCCCCCCCC=CCC=CCC=CCCCCCCC		PS 32:3_38:10	1241.8963				1240.88967			Msp20250929174203_NCDK_conventional_converted_dev	Msp20250929174203_NCDK_conventional_converted_dev	0.7811044							0.0	2068.0	1787.0	1650.0	0.0	2.0	0.0
